-- phpMyAdmin SQL Dump
-- version 3.4.10.1deb1
-- http://www.phpmyadmin.net
--
-- Host: localhost
-- Generation Time: Jun 25, 2014 at 03:10 PM
-- Server version: 5.5.35
-- PHP Version: 5.3.10-1ubuntu3.9

SET SQL_MODE="NO_AUTO_VALUE_ON_ZERO";
SET time_zone = "+00:00";


/*!40101 SET @OLD_CHARACTER_SET_CLIENT=@@CHARACTER_SET_CLIENT */;
/*!40101 SET @OLD_CHARACTER_SET_RESULTS=@@CHARACTER_SET_RESULTS */;
/*!40101 SET @OLD_COLLATION_CONNECTION=@@COLLATION_CONNECTION */;
/*!40101 SET NAMES utf8 */;

--
-- Database: `c2_supportstatusdb`
--

-- --------------------------------------------------------

--
-- Table structure for table `facility`
--

CREATE TABLE IF NOT EXISTS `facility` (
  `FacilityId` int(11) NOT NULL AUTO_INCREMENT,
  `FacilityTypeId` int(11) NOT NULL,
  `FacilityCode` varchar(50) NOT NULL,
  `FacilityName` varchar(100) NOT NULL,
  `District` varchar(50) NOT NULL,
  `UnderWH` varchar(50) NOT NULL,
  `IsActive` tinyint(1) NOT NULL DEFAULT '1',
  PRIMARY KEY (`FacilityId`),
  KEY `FK_facility` (`FacilityTypeId`)
) ENGINE=InnoDB  DEFAULT CHARSET=latin1 AUTO_INCREMENT=562 ;

--
-- Dumping data for table `facility`
--

INSERT INTO `facility` (`FacilityId`, `FacilityTypeId`, `FacilityCode`, `FacilityName`, `District`, `UnderWH`, `IsActive`) VALUES
(1, 1, 'T043', 'Barisal Sadar, Barisal', 'Barisal', 'RWH, FARIDPUR', 1),
(2, 1, 'T046', 'Wazirpur, Barisal', 'Barisal', 'RWH, BHOLA', 1),
(3, 1, 'T052', 'Bhola Sadar, Bhola', 'Bhola', 'RWH, BHOLA', 1),
(4, 1, 'T053', 'Burhanuddin, Bhola', 'Bhola', 'RWH, BHOLA', 1),
(5, 1, 'T156', 'Bogra Sadar, Bogra', 'Bogra', 'RWH, BOGRA', 1),
(6, 1, 'T159', 'Gabtali, Bogra', 'Bogra', 'RWH, BOGRA', 1),
(7, 1, 'T160', 'Kahaloo, Bogra', 'Bogra', 'RWH, BOGRA', 1),
(8, 1, 'T162', 'Sariakandi, Bogra', 'Bogra', 'RWH, BOGRA', 1),
(9, 1, 'T163', 'Sherpur, Bogra', 'Bogra', 'RWH, BOGRA', 1),
(10, 1, 'T164', 'Shibganj_Bogra, Bogra', 'Bogra', 'RWH, BOGRA', 1),
(11, 1, 'T322', 'Banchharampur, Brahmanbaria', 'Brahmanbaria', 'RWH, COMILLA', 1),
(12, 1, 'T323', 'Brahmanbaria Sadar, Brahmanbaria', 'Brahmanbaria', 'RWH, COMILLA', 1),
(13, 1, 'T324', 'Kasba, Brahmanbaria', 'Brahmanbaria', 'RWH, COMILLA', 1),
(14, 1, 'T325', 'Nabinagar, Brahmanbaria', 'Brahmanbaria', 'RWH, COMILLA', 1),
(15, 1, 'T326', 'Nasirnagar, Brahmanbaria', 'Brahmanbaria', 'RWH, COMILLA', 1),
(16, 1, 'T328', 'Chandpur Sadar, Chandpur', 'Chandpur', 'RWH, COMILLA', 1),
(17, 1, 'T329', 'Faridganj, Chandpur', 'Chandpur', 'RWH, COMILLA', 1),
(18, 1, 'T330', 'Hajiganj, Chandpur', 'Chandpur', 'RWH, COMILLA', 1),
(19, 1, 'T332', 'Kachua, Chandpur', 'Chandpur', 'RWH, COMILLA', 1),
(20, 1, 'T468', 'Matlab Uttar, Chandpur', 'Chandpur', 'RWH, COMILLA', 1),
(21, 1, 'T284', 'Fatikchhari, Chittagong', 'Chittagong', 'RWH, CHITTAGONG', 1),
(22, 1, 'T287', 'Mirsharai, Chittagong', 'Chittagong', 'RWH, CHITTAGONG', 1),
(23, 1, 'T290', 'Rangunia, Chittagong', 'Chittagong', 'RWH, CHITTAGONG', 1),
(24, 1, 'T291', 'Raozan, Chittagong', 'Chittagong', 'RWH, CHITTAGONG', 1),
(25, 1, 'T293', 'Satkania, Chittagong', 'Chittagong', 'RWH, CHITTAGONG', 1),
(26, 1, 'T457', 'Chuadanga Sadar, Chuadanga', 'Chuadanga', 'RWH, KUSHTIA', 1),
(27, 1, 'T309', 'Barura, Comilla', 'Comilla', 'RWH, COMILLA', 1),
(28, 1, 'T311', 'Burichang, Comilla', 'Comilla', 'RWH, COMILLA', 1),
(29, 1, 'T312', 'Chandina, Comilla', 'Comilla', 'RWH, COMILLA', 1),
(30, 1, 'T313', 'Chauddagram, Comilla', 'Comilla', 'RWH, COMILLA', 1),
(31, 1, 'T314', 'Comilla Adarsha Sadar, Comilla', 'Comilla', 'RWH, COMILLA', 1),
(32, 1, 'T315', 'Daudkandi, Comilla', 'Comilla', 'RWH, COMILLA', 1),
(33, 1, 'T316', 'Debidwar, Comilla', 'Comilla', 'RWH, COMILLA', 1),
(34, 1, 'T317', 'Homna, Comilla', 'Comilla', 'RWH, COMILLA', 1),
(35, 1, 'T319', 'Muradnagar, Comilla', 'Comilla', 'RWH, COMILLA', 1),
(36, 1, 'T320', 'Nangalkot, Comilla', 'Comilla', 'RWH, COMILLA', 1),
(37, 1, 'T295', 'Chakaria, Coxs Bazar', 'Cox''s Bazar', 'RWH, CHITTAGONG', 1),
(38, 1, 'T296', 'Coxs Bazar Sadar, Coxs Bazar', 'Cox''s Bazar', 'RWH, CHITTAGONG', 1),
(39, 1, 'T001', 'Dhamrai, Dhaka', 'Dhaka', 'CWH, DHAKA', 1),
(40, 1, 'T003', 'Keraniganj, Dhaka', 'Dhaka', 'CWH, DHAKA', 1),
(41, 1, 'T005', 'Nawabganj, Dhaka', 'Dhaka', 'CWH, DHAKA', 1),
(42, 1, 'T006', 'Savar, Dhaka', 'Dhaka', 'CWH, DHAKA', 1),
(43, 1, 'T007', 'Tejgaon, Dhaka', 'Dhaka', 'CWH, DHAKA', 1),
(44, 1, 'T013', 'Tongi, Dhaka', 'Dhaka', 'CWH, DHAKA', 1),
(45, 1, 'T173', 'Biral, Dinajpur', 'Dinajpur', 'RWH, DINAJPUR', 1),
(46, 1, 'T171', 'Birampur, Dinajpur', 'Dinajpur', 'RWH, DINAJPUR', 1),
(47, 1, 'T176', 'Dinajpur Sadar, Dinajpur', 'Dinajpur', 'RWH, DINAJPUR', 1),
(48, 1, 'T063', 'Faridpur Sadar, Faridpur', 'Faridpur', 'RWH, FARIDPUR', 1),
(49, 1, 'T345', 'Sonagazi, Feni', 'Feni', 'RWH, NOAKHALI', 1),
(50, 1, 'T008', 'Gazipur Sadar, Gazipur', 'Gazipur', 'CWH, DHAKA', 1),
(51, 1, 'T011', 'Kapasia, Gazipur', 'Gazipur', 'CWH, DHAKA', 1),
(52, 1, 'T067', 'Gopalganj Sadar, Gopalganj', 'Gopalganj', 'RWH, FARIDPUR', 1),
(53, 1, 'T381', 'Baniachong, Habiganj', 'Habiganj', 'RWH, SYLHET', 1),
(54, 1, 'T382', 'Chunarughat, Habiganj', 'Habiganj', 'RWH, SYLHET', 1),
(55, 1, 'T383', 'Habiganj Sadar, Habiganj', 'Habiganj', 'RWH, SYLHET', 1),
(56, 1, 'T385', 'Madhabpur, Habiganj', 'Habiganj', 'RWH, SYLHET', 1),
(57, 1, 'T386', 'Nabiganj, Habiganj', 'Habiganj', 'RWH, SYLHET', 1),
(58, 1, 'T080', 'Bakshiganj, Jamalpur', 'Jamalpur', 'RWH, JAMALPUR', 1),
(59, 1, 'T431', 'Chaugachha, Jessore', 'Jessore', 'RWH, JESSORE', 1),
(60, 1, 'T433', 'Jessore Sadar, Jessore', 'Jessore', 'RWH, JESSORE', 1),
(61, 1, 'T048', 'Jhalokati Sadar, Jhalokati', 'Jhalokati', 'RWH, FARIDPUR', 1),
(62, 1, 'T438', 'Jhenaidah Sadar, Jhenaidah', 'Jhenaidah', 'RWH, JESSORE', 1),
(63, 1, 'T441', 'Maheshpur, Jhenaidah', 'Jhenaidah', 'RWH, JESSORE', 1),
(64, 1, 'T403', 'Batiaghata, Khulna', 'Khulna', 'RWH, KHULNA', 1),
(65, 1, 'T404', 'Dacope, Khulna', 'Khulna', 'RWH, KHULNA', 1),
(66, 1, 'T406', 'Dumuria, Khulna', 'Khulna', 'RWH, KHULNA', 1),
(67, 1, 'T410', 'Paikgachha, Khulna', 'Khulna', 'RWH, KHULNA', 1),
(68, 1, 'T106', 'Bhairab, Kishorgonj', 'Kishorgonj', 'RWH, MYMENSHINGH', 1),
(69, 1, 'T110', 'Katiadi, Kishorgonj', 'Kishorgonj', 'RWH, MYMENSHINGH', 1),
(70, 1, 'T451', 'Daulatpur, Kushtia', 'Kushtia', 'RWH, KUSHTIA', 1),
(71, 1, 'T454', 'Kumarkhali, Kushtia', 'Kushtia', 'RWH, KUSHTIA', 1),
(72, 1, 'T453', 'Kushtia Sadar, Kushtia', 'Kushtia', 'RWH, KUSHTIA', 1),
(73, 1, 'T016', 'Harirampur, Manikganj', 'Manikganj', 'CWH, DHAKA', 1),
(74, 1, 'T017', 'Manikganj Sadar, Manikganj', 'Manikganj', 'CWH, DHAKA', 1),
(75, 1, 'T387', 'Barlekha, Maulvibazar', 'Maulvibazar', 'RWH, SYLHET', 1),
(76, 1, 'T389', 'Kulaura, Maulvibazar', 'Maulvibazar', 'RWH, SYLHET', 1),
(77, 1, 'T390', 'Maulvibazar Sadar, Maulvibazar', 'Maulvibazar', 'RWH, SYLHET', 1),
(78, 1, 'T392', 'Sreemangal, Maulvibazar', 'Maulvibazar', 'RWH, SYLHET', 1),
(79, 1, 'T025', 'Sreenagar, Munshiganj', 'Munshiganj', 'CWH, DHAKA', 1),
(80, 1, 'T098', 'Mymensingh Sadar, Mymensingh', 'Mymensingh', 'RWH, MYMENSHINGH', 1),
(81, 1, 'T099', 'Nandail, Mymensingh', 'Mymensingh', 'RWH, MYMENSHINGH', 1),
(82, 1, 'T101', 'Phulpur, Mymensingh', 'Mymensingh', 'RWH, MYMENSHINGH', 1),
(83, 1, 'T102', 'Trishal, Mymensingh', 'Mymensingh', 'RWH, MYMENSHINGH', 1),
(84, 1, 'T447', 'Kalia, Narail', 'Narail', 'RWH, JESSORE', 1),
(85, 1, 'T027', 'Araihazar, Narayanganj', 'Narayanganj', 'CWH, DHAKA', 1),
(86, 1, 'T029', 'Narayanganj Sadar, Narayanganj', 'Narayanganj', 'CWH, DHAKA', 1),
(87, 1, 'T030', 'Sonargaon, Narayanganj', 'Narayanganj', 'CWH, DHAKA', 1),
(88, 1, 'T034', 'Narsingdi Sadar, Narsingdi', 'Narsingdi', 'CWH, DHAKA', 1),
(89, 1, 'T036', 'Roypura, Narsingdi', 'Narsingdi', 'CWH, DHAKA', 1),
(90, 1, 'T242', 'Natore Sadar, Natore', 'Natore', 'RWH, RAJSHAHI', 1),
(91, 1, 'T243', 'Singra, Natore', 'Natore', 'RWH, RAJSHAHI', 1),
(92, 1, 'T223', 'Chapai Nababganj Sadar, Nawabganj', 'Nawabganj', 'RWH, RAJSHAHI', 1),
(93, 1, 'T224', 'Gomastapur, Nawabganj', 'Nawabganj', 'RWH, RAJSHAHI', 1),
(94, 1, 'T225', 'Nachole, Nawabganj', 'Nawabganj', 'RWH, RAJSHAHI', 1),
(95, 1, 'T125', 'Netrokona Sadar, Netrakona', 'Netrakona', 'RWH, MYMENSHINGH', 1),
(96, 1, 'T335', 'Begumganj, Noakhali', 'Noakhali', 'RWH, NOAKHALI', 1),
(97, 1, 'T200', 'Pabna Sadar, Pabna', 'Pabna', 'RWH, PABNA', 1),
(98, 1, 'T079', 'Rajbari Sadar, Rajbari', 'Rajbari', 'RWH, FARIDPUR', 1),
(99, 1, 'T212', 'Baghmara, Rajshahi', 'Rajshahi', 'RWH, RAJSHAHI', 1),
(100, 1, 'T214', 'Boalia, Rajshahi', 'Rajshahi', 'RWH, RAJSHAHI', 1),
(101, 1, 'T215', 'Charghat, Rajshahi', 'Rajshahi', 'RWH, RAJSHAHI', 1),
(102, 1, 'T216', 'Durgapur, Rajshahi', 'Rajshahi', 'RWH, RAJSHAHI', 1),
(103, 1, 'T217', 'Godagari, Rajshahi', 'Rajshahi', 'RWH, RAJSHAHI', 1),
(104, 1, 'T357', 'Rangamati Sadar, Rangamati', 'Rangamati', 'RWH, RANGAMATI', 1),
(105, 1, 'T425', 'Kalaroa, Satkhira', 'Satkhira', 'RWH, KHULNA', 1),
(106, 1, 'T424', 'Kaliganj, Satkhira', 'Satkhira', 'RWH, KHULNA', 1),
(107, 1, 'T426', 'Satkhira Sadar, Satkhira', 'Satkhira', 'RWH, KHULNA', 1),
(108, 1, 'T209', 'Sirajganj Sadar, Sirajganj', 'Sirajganj', 'RWH, PABNA', 1),
(109, 1, 'T394', 'Chhatak, Sunamganj', 'Sunamganj', 'RWH, SYLHET', 1),
(110, 1, 'T395', 'Derai, Sunamganj', 'Sunamganj', 'RWH, SYLHET', 1),
(111, 1, 'T396', 'Dharampasha, Sunamganj', 'Sunamganj', 'RWH, SYLHET', 1),
(112, 1, 'T397', 'Dowarabazar, Sunamganj', 'Sunamganj', 'RWH, SYLHET', 1),
(113, 1, 'T398', 'Jagannathpur, Sunamganj', 'Sunamganj', 'RWH, SYLHET', 1),
(114, 1, 'T401', 'Sunamganj Sadar, Sunamganj', 'Sunamganj', 'RWH, SYLHET', 1),
(115, 1, 'T402', 'Tahirpur, Sunamganj', 'Sunamganj', 'RWH, SYLHET', 1),
(116, 1, 'T368', 'Balaganj, Sylhet', 'Sylhet', 'RWH, SYLHET', 1),
(117, 1, 'T369', 'Beani Bazar, Sylhet', 'Sylhet', 'RWH, SYLHET', 1),
(118, 1, 'T373', 'Golapganj, Sylhet', 'Sylhet', 'RWH, SYLHET', 1),
(119, 1, 'T375', 'Jaintiapur, Sylhet', 'Sylhet', 'RWH, SYLHET', 1),
(120, 1, 'T377', 'Kanaighat, Sylhet', 'Sylhet', 'RWH, SYLHET', 1),
(121, 1, 'T378', 'Sylhet Sadar, Sylhet', 'Sylhet', 'RWH, SYLHET', 1),
(122, 1, 'T376', 'Zakiganj, Sylhet', 'Sylhet', 'RWH, SYLHET', 1),
(123, 1, 'T413', 'Bagerhat Sadar, Bagerhat', 'Bagerhat', 'RWH, KHULNA', 1),
(124, 1, 'T154', 'Tangail Sadar, Tangail', 'Tangail', 'RWH, TANGAIL', 1),
(125, 1, 'T158', 'Dhupchanchia, Bogra', 'Bogra', 'RWH, BOGRA', 1),
(126, 1, 'T161', 'Nandigram, Bogra', 'Bogra', 'RWH, BOGRA', 1),
(127, 1, 'T478', 'Shajahanpur, Bogra', 'Bogra', 'RWH, BOGRA', 1),
(128, 1, 'T165', 'Sonatola, Bogra', 'Bogra', 'RWH, BOGRA', 1),
(129, 1, 'T321', 'Akhaura, Brahmanbaria', 'Brahmanbaria', 'RWH, COMILLA', 1),
(130, 1, 'T471', 'Ashuganj, Brahmanbaria', 'Brahmanbaria', 'RWH, COMILLA', 1),
(131, 1, 'T327', 'Sarail, Brahmanbaria', 'Brahmanbaria', 'RWH, COMILLA', 1),
(132, 1, 'T331', 'Haim Char, Chandpur', 'Chandpur', 'RWH, COMILLA', 1),
(133, 1, 'T333', 'Matlab Dakshin, Chandpur', 'Chandpur', 'RWH, COMILLA', 1),
(134, 1, 'T334', 'Shahrasti, Chandpur', 'Chandpur', 'RWH, COMILLA', 1),
(135, 1, 'T279', 'Anowara, Chittagong', 'Chittagong', 'RWH, CHITTAGONG', 1),
(136, 1, '', 'Bakalia, Chittagong', 'Chittagong', 'RWH, FARIDPUR', 0),
(137, 1, 'T280', 'Banshkhali, Chittagong', 'Chittagong', 'RWH, CHITTAGONG', 1),
(138, 1, '', 'Bayejid Bostami, Chittagong', 'Chittagong', 'RWH, MYMENSHINGH', 0),
(139, 1, 'T414', 'Chitalmari, Bagerhat', 'Bagerhat', 'RWH, KHULNA', 1),
(140, 1, 'T415', 'Fakirhat, Bagerhat', 'Bagerhat', 'RWH, KHULNA', 1),
(141, 1, 'T416', 'Kachua_Bagerhat, Bagerhat', 'Bagerhat', 'RWH, KHULNA', 1),
(142, 1, 'T418', 'Mollahat, Bagerhat', 'Bagerhat', 'RWH, KHULNA', 1),
(143, 1, 'T417', 'Mongla, Bagerhat', 'Bagerhat', 'RWH, KHULNA', 1),
(144, 1, 'T419', 'Morrelganj, Bagerhat', 'Bagerhat', 'RWH, KHULNA', 1),
(145, 1, 'T420', 'Rampal, Bagerhat', 'Bagerhat', 'RWH, KHULNA', 1),
(146, 1, 'T421', 'Sarankhola, Bagerhat', 'Bagerhat', 'RWH, KHULNA', 1),
(147, 1, 'T302', 'Alikadam, Bandarban', 'Bandarban', 'RWH, BANDARBON', 1),
(148, 1, 'T303', 'Bandarban Sadar, Bandarban', 'Bandarban', 'RWH, BANDARBON', 1),
(149, 1, 'T304', 'Lama, Bandarban', 'Bandarban', 'RWH, BANDARBON', 1),
(150, 1, 'T305', 'Naikhongchhari, Bandarban', 'Bandarban', 'RWH, BANDARBON', 1),
(151, 1, 'T306', 'Rowangchhari, Bandarban', 'Bandarban', 'RWH, BANDARBON', 1),
(152, 1, 'T307', 'Ruma, Bandarban', 'Bandarban', 'RWH, BANDARBON', 1),
(153, 1, 'T308', 'Thanchi, Bandarban', 'Bandarban', 'RWH, BANDARBON', 1),
(154, 1, 'T133', 'Amtali, Barguna', 'Barguna', 'RWH, PATUAKHALI', 1),
(155, 1, 'T134', 'Bamna, Barguna', 'Barguna', 'RWH, PATUAKHALI', 1),
(156, 1, 'T135', 'Barguna Sadar, Barguna', 'Barguna', 'RWH, PATUAKHALI', 1),
(157, 1, 'T136', 'Betagi, Barguna', 'Barguna', 'RWH, PATUAKHALI', 1),
(158, 1, 'T137', 'Patharghata, Barguna', 'Barguna', 'RWH, PATUAKHALI', 1),
(159, 1, 'T038', 'Agailjhara, Barisal', 'Barisal', 'RWH, FARIDPUR', 1),
(160, 1, 'T039', 'Babuganj, Barisal', 'Barisal', 'RWH, FARIDPUR', 1),
(161, 1, 'T040', 'Bakerganj, Barisal', 'Barisal', 'RWH, PATUAKHALI', 1),
(162, 1, 'T047', 'Banari Para, Barisal', 'Barisal', 'RWH, FARIDPUR', 1),
(163, 1, 'T041', 'Gaurnadi, Barisal', 'Barisal', 'RWH, FARIDPUR', 1),
(164, 1, 'T042', 'Hizla, Barisal', 'Barisal', 'RWH, BHOLA', 1),
(165, 1, 'T044', 'Mhendiganj, Barisal', 'Barisal', 'RWH, BHOLA', 1),
(166, 1, 'T045', 'Muladi, Barisal', 'Barisal', 'RWH, BHOLA', 1),
(167, 1, 'T054', 'Char Fasson, Bhola', 'Bhola', 'RWH, BHOLA', 1),
(168, 1, 'T055', 'Daulat Khan, Bhola', 'Bhola', 'RWH, BHOLA', 1),
(169, 1, 'T056', 'Lalmohan, Bhola', 'Bhola', 'RWH, BHOLA', 1),
(170, 1, 'T057', 'Manpura, Bhola', 'Bhola', 'RWH, BHOLA', 1),
(171, 1, 'T058', 'Tazumuddin, Bhola', 'Bhola', 'RWH, BHOLA', 1),
(172, 1, 'T155', 'Adamdighi, Bogra', 'Bogra', 'RWH, BOGRA', 1),
(173, 1, 'T157', 'Dhunat, Bogra', 'Bogra', 'RWH, BOGRA', 1),
(174, 1, 'T281', 'Boalkhali, Chittagong', 'Chittagong', 'RWH, CHITTAGONG', 1),
(175, 1, 'T282', 'Chandanaish, Chittagong', 'Chittagong', 'RWH, CHITTAGONG', 1),
(176, 1, '', 'Chandgaon, Chittagong', 'Chittagong', 'RWH, MYMENSHINGH', 0),
(177, 1, '', 'Chittagong Port, Chittagong', 'Chittagong', 'RWH, MYMENSHINGH', 0),
(178, 1, 'T283', 'Double Mooring, Chittagong', 'Chittagong', 'RWH, CHITTAGONG', 1),
(179, 1, '', 'Halishahar, Chittagong', 'Chittagong', 'RWH, PATUAKHALI', 0),
(180, 1, 'T285', 'Hathazari, Chittagong', 'Chittagong', 'RWH, CHITTAGONG', 1),
(181, 1, '', 'Khulshi, Chittagong', 'Chittagong', 'RWH, FARIDPUR', 0),
(182, 1, '', 'Kotwali_Chittagong, Chittagong', 'Chittagong', 'RWH, BHOLA', 0),
(183, 1, 'T286', 'Lohagara_Chittagong, Chittagong', 'Chittagong', 'RWH, CHITTAGONG', 1),
(184, 1, '', 'Pahartali, Chittagong', 'Chittagong', 'RWH, JAMALPUR', 0),
(185, 1, 'T288', 'Panchlaish, Chittagong', 'Chittagong', 'RWH, CHITTAGONG', 1),
(186, 1, '', 'Patenga, Chittagong', 'Chittagong', 'RWH, MYMENSHINGH', 0),
(187, 1, 'T289', 'Patiya, Chittagong', 'Chittagong', 'RWH, CHITTAGONG', 1),
(188, 1, 'T292', 'Sandwip, Chittagong', 'Chittagong', 'RWH, CHITTAGONG', 1),
(189, 1, 'T294', 'Sitakunda, Chittagong', 'Chittagong', 'RWH, CHITTAGONG', 1),
(190, 1, 'T456', 'Alamdanga, Chuadanga', 'Chuadanga', 'RWH, KUSHTIA', 1),
(191, 1, 'T458', 'Damurhuda, Chuadanga', 'Chuadanga', 'RWH, KUSHTIA', 1),
(192, 1, 'T459', 'Jiban Nagar, Chuadanga', 'Chuadanga', 'RWH, KUSHTIA', 1),
(193, 1, 'T310', 'Brahman Para, Comilla', 'Comilla', 'RWH, COMILLA', 1),
(194, 1, 'T474', 'Comilla Sadar Dakshin, Comilla', 'Comilla', 'RWH, COMILLA', 1),
(195, 1, 'T318', 'Laksam, Comilla', 'Comilla', 'RWH, COMILLA', 1),
(196, 1, 'T475', 'Manoharganj, Comilla', 'Comilla', 'RWH, COMILLA', 1),
(197, 1, 'T472', 'Meghna, Comilla', 'Comilla', 'RWH, COMILLA', 1),
(198, 1, 'T473', 'Titas, Comilla', 'Comilla', 'RWH, COMILLA', 1),
(199, 1, 'T297', 'Kutubdia, Cox''s Bazar', 'Cox''s Bazar', 'RWH, CHITTAGONG', 1),
(200, 1, 'T298', 'Maheshkhali, Cox''s Bazar', 'Cox''s Bazar', 'RWH, CHITTAGONG', 1),
(201, 1, 'T481', 'Pekua, Cox''s Bazar', 'Cox''s Bazar', 'RWH, CHITTAGONG', 1),
(202, 1, 'T299', 'Ramu, Cox''s Bazar', 'Cox''s Bazar', 'RWH, CHITTAGONG', 1),
(203, 1, 'T300', 'Teknaf, Cox''s Bazar', 'Cox''s Bazar', 'RWH, CHITTAGONG', 1),
(204, 1, 'T301', 'Ukhia, Cox''s Bazar', 'Cox''s Bazar', 'RWH, CHITTAGONG', 1),
(205, 1, '', 'Adabor, Dhaka', 'Dhaka', '', 0),
(206, 1, '', 'Badda, Dhaka', 'Dhaka', '', 0),
(207, 1, '', 'Biman Bandar, Dhaka', 'Dhaka', '', 0),
(208, 1, '', 'Cantonment, Dhaka', 'Dhaka', '', 0),
(209, 1, '', 'Dakshinkhan, Dhaka', 'Dhaka', '', 0),
(210, 1, '', 'Demra, Dhaka', 'Dhaka', '', 0),
(211, 1, '', 'Dhanmondi, Dhaka', 'Dhaka', '', 0),
(212, 1, 'T002', 'Dohar, Dhaka', 'Dhaka', 'CWH, DHAKA', 1),
(213, 1, '', 'Gulshan, Dhaka', 'Dhaka', '', 0),
(214, 1, '', 'Hazaribagh, Dhaka', 'Dhaka', '', 0),
(215, 1, '', 'Jatrabari, Dhaka', 'Dhaka', '', 0),
(216, 1, '', 'Kafrul, Dhaka', 'Dhaka', '', 0),
(217, 1, '', 'Kamrangir Char, Dhaka', 'Dhaka', '', 0),
(218, 1, '', 'Khilgaon, Dhaka', 'Dhaka', '', 0),
(219, 1, '', 'Khilkhet, Dhaka', 'Dhaka', '', 0),
(220, 1, '', 'Kotwali, Dhaka', 'Dhaka', '', 0),
(221, 1, '', 'Lalbagh, Dhaka', 'Dhaka', '', 0),
(222, 1, 'T004', 'Mirpur_Dhaka, Dhaka', 'Dhaka', 'CWH, DHAKA', 1),
(223, 1, '', 'Mohammadpur_Dhaka, Dhaka', 'Dhaka', '', 0),
(224, 1, '', 'Motijheel, Dhaka', 'Dhaka', '', 0),
(225, 1, '', 'New Market, Dhaka', 'Dhaka', '', 0),
(226, 1, '', 'Pallabi, Dhaka', 'Dhaka', '', 0),
(227, 1, '', 'Paltan, Dhaka', 'Dhaka', '', 0),
(228, 1, '', 'Ramna, Dhaka', 'Dhaka', '', 0),
(229, 1, '', 'Sabujbagh, Dhaka', 'Dhaka', '', 0),
(230, 1, '', 'Shah Ali, Dhaka', 'Dhaka', '', 0),
(231, 1, '', 'Shahbagh, Dhaka', 'Dhaka', '', 0),
(232, 1, '', 'Shyampur, Dhaka', 'Dhaka', '', 0),
(233, 1, '', 'Sutrapur, Dhaka', 'Dhaka', '', 0),
(234, 1, '', 'Tejgaon Ind Area, Dhaka', 'Dhaka', '', 0),
(235, 1, '', 'Uttar Khan, Dhaka', 'Dhaka', '', 0),
(236, 1, '', 'Uttara, Dhaka', 'Dhaka', '', 0),
(237, 1, 'T172', 'Birganj, Dinajpur', 'Dinajpur', 'RWH, DINAJPUR', 1),
(238, 1, 'T174', 'Bochaganj, Dinajpur', 'Dinajpur', 'RWH, DINAJPUR', 1),
(239, 1, 'T175', 'Chirirbandar, Dinajpur', 'Dinajpur', 'RWH, DINAJPUR', 1),
(240, 1, 'T177', 'Fulbari, Dinajpur', 'Dinajpur', 'RWH, DINAJPUR', 1),
(241, 1, 'T178', 'Ghoraghat, Dinajpur', 'Dinajpur', 'RWH, BOGRA', 1),
(242, 1, 'T179', 'Hakimpur, Dinajpur', 'Dinajpur', 'RWH, BOGRA', 1),
(243, 1, 'T180', 'Kaharole, Dinajpur', 'Dinajpur', 'RWH, DINAJPUR', 1),
(244, 1, 'T181', 'Khansama, Dinajpur', 'Dinajpur', 'RWH, DINAJPUR', 1),
(245, 1, 'T182', 'Nawabganj_Dinajpur, Dinajpur', 'Dinajpur', 'RWH, DINAJPUR', 1),
(246, 1, 'T183', 'Parbatipur, Dinajpur', 'Dinajpur', 'RWH, DINAJPUR', 1),
(247, 1, 'T059', 'Alfadanga, Faridpur', 'Faridpur', 'RWH, FARIDPUR', 1),
(248, 1, 'T060', 'Bhanga, Faridpur', 'Faridpur', 'RWH, FARIDPUR', 1),
(249, 1, 'T061', 'Boalmari, Faridpur', 'Faridpur', 'RWH, FARIDPUR', 1),
(250, 1, 'T062', 'Char Bhadrasan, Faridpur', 'Faridpur', 'RWH, FARIDPUR', 1),
(251, 1, 'T064', 'Madhukhali, Faridpur', 'Faridpur', 'RWH, FARIDPUR', 1),
(252, 1, 'T065', 'Nagarkanda, Faridpur', 'Faridpur', 'RWH, FARIDPUR', 1),
(253, 1, 'T066', 'Sadarpur, Faridpur', 'Faridpur', 'RWH, FARIDPUR', 1),
(254, 1, 'T341', 'Chhagalnaiya, Feni', 'Feni', 'RWH, NOAKHALI', 1),
(255, 1, 'T342', 'Daganbhuiyan, Feni', 'Feni', 'RWH, NOAKHALI', 1),
(256, 1, 'T343', 'Feni Sadar, Feni', 'Feni', 'RWH, NOAKHALI', 1),
(257, 1, 'T470', 'Fulgazi, Feni', 'Feni', 'RWH, NOAKHALI', 1),
(258, 1, 'T344', 'Parshuram, Feni', 'Feni', 'RWH, NOAKHALI', 1),
(259, 1, 'T252', 'Fulchhari, Gaibandha', 'Gaibandha', 'RWH, RANGPUR', 1),
(260, 1, 'T253', 'Gaibandha Sadar, Gaibandha', 'Gaibandha', 'RWH, RANGPUR', 1),
(261, 1, 'T254', 'Gobindaganj, Gaibandha', 'Gaibandha', 'RWH, RANGPUR', 1),
(262, 1, 'T255', 'Palashbari, Gaibandha', 'Gaibandha', 'RWH, RANGPUR', 1),
(263, 1, 'T256', 'Sadullapur, Gaibandha', 'Gaibandha', 'RWH, RANGPUR', 1),
(264, 1, 'T257', 'Saghata, Gaibandha', 'Gaibandha', 'RWH, RANGPUR', 1),
(265, 1, 'T258', 'Sundarganj, Gaibandha', 'Gaibandha', 'RWH, RANGPUR', 1),
(266, 1, 'T009', 'Kaliakair, Gazipur', 'Gazipur', 'CWH, DHAKA', 1),
(267, 1, 'T010', 'Kaliganj_Gazipur, Gazipur', 'Gazipur', 'CWH, DHAKA', 1),
(268, 1, 'T012', 'Sreepur_Gazipur, Gazipur', 'Gazipur', 'CWH, DHAKA', 1),
(269, 1, 'T068', 'Kashiani, Gopalganj', 'Gopalganj', 'RWH, FARIDPUR', 1),
(270, 1, 'T069', 'Kotalipara, Gopalganj', 'Gopalganj', 'RWH, FARIDPUR', 1),
(271, 1, 'T070', 'Muksudpur, Gopalganj', 'Gopalganj', 'RWH, FARIDPUR', 1),
(272, 1, 'T071', 'Tungipara, Gopalganj', 'Gopalganj', 'RWH, FARIDPUR', 1),
(273, 1, 'T379', 'Ajmiriganj, Habiganj', 'Habiganj', 'RWH, SYLHET', 1),
(274, 1, 'T380', 'Bahubal, Habiganj', 'Habiganj', 'RWH, SYLHET', 1),
(275, 1, 'T384', 'Lakhai, Habiganj', 'Habiganj', 'RWH, SYLHET', 1),
(276, 1, 'T081', 'Dewanganj, Jamalpur', 'Jamalpur', 'RWH, JAMALPUR', 1),
(277, 1, 'T082', 'Islampur, Jamalpur', 'Jamalpur', 'RWH, JAMALPUR', 1),
(278, 1, 'T083', 'Jamalpur Sadar, Jamalpur', 'Jamalpur', 'RWH, JAMALPUR', 1),
(279, 1, 'T084', 'Madarganj, Jamalpur', 'Jamalpur', 'RWH, JAMALPUR', 1),
(280, 1, 'T085', 'Melandaha, Jamalpur', 'Jamalpur', 'RWH, JAMALPUR', 1),
(281, 1, 'T086', 'Sarishabari, Jamalpur', 'Jamalpur', 'RWH, JAMALPUR', 1),
(282, 1, 'T429', 'Abhaynagar, Jessore', 'Jessore', 'RWH, JESSORE', 1),
(283, 1, 'T430', 'Bagher Para, Jessore', 'Jessore', 'RWH, JESSORE', 1),
(284, 1, 'T432', 'Jhikargachha, Jessore', 'Jessore', 'RWH, JESSORE', 1),
(285, 1, 'T434', 'Keshabpur, Jessore', 'Jessore', 'RWH, JESSORE', 1),
(286, 1, 'T435', 'Manirampur, Jessore', 'Jessore', 'RWH, JESSORE', 1),
(287, 1, 'T436', 'Sharsha, Jessore', 'Jessore', 'RWH, JESSORE', 1),
(288, 1, 'T049', 'Kanthalia, Jhalokati', 'Jhalokati', 'RWH, KHULNA', 1),
(289, 1, 'T050', 'Nalchity, Jhalokati', 'Jhalokati', 'RWH, PATUAKHALI', 1),
(290, 1, 'T051', 'Rajapur, Jhalokati', 'Jhalokati', 'RWH, KHULNA', 1),
(291, 1, 'T437', 'Harinakunda, Jhenaidah', 'Jhenaidah', 'RWH, JESSORE', 1),
(292, 1, 'T439', 'Kaliganj_Jhenaidah, Jhenaidah', 'Jhenaidah', 'RWH, JESSORE', 1),
(293, 1, 'T440', 'Kotchandpur, Jhenaidah', 'Jhenaidah', 'RWH, JESSORE', 1),
(294, 1, 'T442', 'Shailkupa, Jhenaidah', 'Jhenaidah', 'RWH, JESSORE', 1),
(295, 1, 'T166', 'Akkelpur, Joypurhat', 'Joypurhat', 'RWH, BOGRA', 1),
(296, 1, 'T167', 'Joypurhat Sadar, Joypurhat', 'Joypurhat', 'RWH, BOGRA', 1),
(297, 1, 'T168', 'Kalai, Joypurhat', 'Joypurhat', 'RWH, BOGRA', 1),
(298, 1, 'T169', 'Khetlal, Joypurhat', 'Joypurhat', 'RWH, BOGRA', 1),
(299, 1, 'T170', 'Panchbibi, Joypurhat', 'Joypurhat', 'RWH, BOGRA', 1),
(300, 1, 'T360', 'Dighinala, Khagrachhari', 'Khagrachhari', 'RWH, CHITTAGONG', 1),
(301, 1, 'T361', 'Khagrachhari Sadar, Khagrachhari', 'Khagrachhari', 'RWH, CHITTAGONG', 1),
(302, 1, 'T367', 'Lakshmichhari, Khagrachhari', 'Khagrachhari', 'RWH, CHITTAGONG', 1),
(303, 1, 'T362', 'Mahalchhari, Khagrachhari', 'Khagrachhari', 'RWH, CHITTAGONG', 1),
(304, 1, 'T363', 'Manikchhari, Khagrachhari', 'Khagrachhari', 'RWH, CHITTAGONG', 1),
(305, 1, 'T364', 'Matiranga, Khagrachhari', 'Khagrachhari', 'RWH, CHITTAGONG', 1),
(306, 1, 'T365', 'Panchhari, Khagrachhari', 'Khagrachhari', 'RWH, CHITTAGONG', 1),
(307, 1, 'T366', 'Ramgarh, Khagrachhari', 'Khagrachhari', 'RWH, CHITTAGONG', 1),
(308, 1, 'T405', 'Dighalia, Khulna', 'Khulna', 'RWH, KHULNA', 1),
(309, 1, '', 'Khalishpur, Khulna', 'Khulna', '', 0),
(310, 1, '', 'Khan Jahan Ali, Khulna', 'Khulna', '', 0),
(311, 1, 'T408', 'Khulna Sadar, Khulna', 'Khulna', 'RWH, KHULNA', 1),
(312, 1, 'T409', 'Koyra, Khulna', 'Khulna', 'RWH, KHULNA', 1),
(313, 1, 'T407', 'Phultala, Khulna', 'Khulna', 'RWH, KHULNA', 1),
(314, 1, 'T411', 'Rupsa, Khulna', 'Khulna', 'RWH, KHULNA', 1),
(315, 1, '', 'Sonadanga, Khulna', 'Khulna', '', 0),
(316, 1, 'T412', 'Terokhada, Khulna', 'Khulna', 'RWH, KHULNA', 1),
(317, 1, 'T104', 'Austagram, Kishorgonj', 'Kishorgonj', 'RWH, MYMENSHINGH', 1),
(318, 1, 'T105', 'Bajitpur, Kishorgonj', 'Kishorgonj', 'RWH, MYMENSHINGH', 1),
(319, 1, 'T107', 'Hossainpur, Kishorgonj', 'Kishorgonj', 'RWH, MYMENSHINGH', 1),
(320, 1, 'T108', 'Itna, Kishorgonj', 'Kishorgonj', 'RWH, MYMENSHINGH', 1),
(321, 1, 'T109', 'Karimganj, Kishorgonj', 'Kishorgonj', 'RWH, MYMENSHINGH', 1),
(322, 1, 'T111', 'Kishoreganj Sadar, Kishorgonj', 'Kishorgonj', 'RWH, MYMENSHINGH', 1),
(323, 1, 'T112', 'Kuliar Char, Kishorgonj', 'Kishorgonj', 'RWH, MYMENSHINGH', 1),
(324, 1, 'T113', 'Mithamain, Kishorgonj', 'Kishorgonj', 'RWH, MYMENSHINGH', 1),
(325, 1, 'T114', 'Nikli, Kishorgonj', 'Kishorgonj', 'RWH, MYMENSHINGH', 1),
(326, 1, 'T115', 'Pakundia, Kishorgonj', 'Kishorgonj', 'RWH, MYMENSHINGH', 1),
(327, 1, 'T116', 'Tarail, Kishorgonj', 'Kishorgonj', 'RWH, MYMENSHINGH', 1),
(328, 1, 'T259', 'Bhurungamari, Kurigram', 'Kurigram', 'RWH, RANGPUR', 1),
(329, 1, 'T260', 'Char Rajibpur, Kurigram', 'Kurigram', 'RWH, JAMALPUR', 1),
(330, 1, 'T261', 'Chilmari, Kurigram', 'Kurigram', 'RWH, RANGPUR', 1),
(331, 1, 'T263', 'Kurigram Sadar, Kurigram', 'Kurigram', 'RWH, RANGPUR', 1),
(332, 1, 'T264', 'Nageshwari, Kurigram', 'Kurigram', 'RWH, RANGPUR', 1),
(333, 1, 'T262', 'Phulbari, Kurigram', 'Kurigram', 'RWH, RANGPUR', 1),
(334, 1, 'T265', 'Rajarhat, Kurigram', 'Kurigram', 'RWH, RANGPUR', 1),
(335, 1, 'T266', 'Raumari, Kurigram', 'Kurigram', 'RWH, JAMALPUR', 1),
(336, 1, 'T267', 'Ulipur, Kurigram', 'Kurigram', 'RWH, RANGPUR', 1),
(337, 1, 'T450', 'Bheramara, Kushtia', 'Kushtia', 'RWH, KUSHTIA', 1),
(338, 1, 'T452', 'Khoksa, Kushtia', 'Kushtia', 'RWH, KUSHTIA', 1),
(339, 1, 'T455', 'Mirpur_Kushtia, Kushtia', 'Kushtia', 'RWH, KUSHTIA', 1),
(340, 1, '', 'Kamalnagar, Lakshmipur', 'Lakshmipur', '', 0),
(341, 1, 'T346', 'Lakshmipur Sadar, Lakshmipur', 'Lakshmipur', 'RWH, NOAKHALI', 1),
(342, 1, 'T348', 'Ramganj, Lakshmipur', 'Lakshmipur', 'RWH, NOAKHALI', 1),
(343, 1, 'T349', 'Ramgati, Lakshmipur', 'Lakshmipur', 'RWH, NOAKHALI', 1),
(344, 1, 'T347', 'Roypur, Lakshmipur', 'Lakshmipur', 'RWH, NOAKHALI', 1),
(345, 1, 'T268', 'Aditmari, Lalmonirhat', 'Lalmonirhat', 'RWH, RANGPUR', 1),
(346, 1, 'T269', 'Hatibandha, Lalmonirhat', 'Lalmonirhat', 'RWH, RANGPUR', 1),
(347, 1, 'T270', 'Kaliganj_Lalmonirhat, Lalmonirhat', 'Lalmonirhat', 'RWH, RANGPUR', 1),
(348, 1, 'T271', 'Lalmonirhat Sadar, Lalmonirhat', 'Lalmonirhat', 'RWH, RANGPUR', 1),
(349, 1, 'T272', 'Patgram, Lalmonirhat', 'Lalmonirhat', 'RWH, RANGPUR', 1),
(350, 1, 'T072', 'Kalkini, Madaripur', 'Madaripur', 'RWH, FARIDPUR', 1),
(351, 1, 'T073', 'Madaripur Sadar, Madaripur', 'Madaripur', 'RWH, FARIDPUR', 1),
(352, 1, 'T074', 'Rajoir, Madaripur', 'Madaripur', 'RWH, FARIDPUR', 1),
(353, 1, 'T075', 'Shib Char, Madaripur', 'Madaripur', 'RWH, FARIDPUR', 1),
(354, 1, 'T443', 'Magura Sadar, Magura', 'Magura', 'RWH, JESSORE', 1),
(355, 1, 'T444', 'Mohammadpur_Magura, Magura', 'Magura', 'RWH, JESSORE', 1),
(356, 1, 'T445', 'Shalikha, Magura', 'Magura', 'RWH, JESSORE', 1),
(357, 1, 'T446', 'Sreepur_Magura, Magura', 'Magura', 'RWH, JESSORE', 1),
(358, 1, 'T014', 'Daulatpur_Manikganj, Manikganj', 'Manikganj', 'CWH, DHAKA', 1),
(359, 1, 'T015', 'Ghior, Manikganj', 'Manikganj', 'CWH, DHAKA', 1),
(360, 1, 'T018', 'Saturia, Manikganj', 'Manikganj', 'CWH, DHAKA', 1),
(361, 1, 'T019', 'Shibalaya, Manikganj', 'Manikganj', 'CWH, DHAKA', 1),
(362, 1, 'T020', 'Singair, Manikganj', 'Manikganj', 'CWH, DHAKA', 1),
(363, 1, 'T477', 'Juri, Maulvibazar', 'Maulvibazar', 'RWH, SYLHET', 1),
(364, 1, 'T388', 'Kamalganj, Maulvibazar', 'Maulvibazar', 'RWH, SYLHET', 1),
(365, 1, 'T391', 'Rajnagar, Maulvibazar', 'Maulvibazar', 'RWH, SYLHET', 1),
(366, 1, 'T460', 'Gangni, Meherpur', 'Meherpur', 'RWH, KUSHTIA', 1),
(367, 1, 'T461', 'Meherpur Sadar, Meherpur', 'Meherpur', 'RWH, KUSHTIA', 1),
(368, 1, 'T480', 'Mujib Nagar, Meherpur', 'Meherpur', 'RWH, KUSHTIA', 1),
(369, 1, 'T021', 'Gazaria, Munshiganj', 'Munshiganj', 'CWH, DHAKA', 1),
(370, 1, 'T022', 'Lohajang, Munshiganj', 'Munshiganj', 'CWH, DHAKA', 1),
(371, 1, 'T023', 'Munshiganj Sadar, Munshiganj', 'Munshiganj', 'CWH, DHAKA', 1),
(372, 1, 'T024', 'Serajdikhan, Munshiganj', 'Munshiganj', 'CWH, DHAKA', 1),
(373, 1, 'T026', 'Tongibari, Munshiganj', 'Munshiganj', 'CWH, DHAKA', 1),
(374, 1, 'T092', 'Bhaluka, Mymensingh', 'Mymensingh', 'RWH, MYMENSHINGH', 1),
(375, 1, 'T103', 'Dhobaura, Mymensingh', 'Mymensingh', 'RWH, MYMENSHINGH', 1),
(376, 1, 'T100', 'Fulbaria, Mymensingh', 'Mymensingh', 'RWH, MYMENSHINGH', 1),
(377, 1, 'T093', 'Gaffargaon, Mymensingh', 'Mymensingh', 'RWH, MYMENSHINGH', 1),
(378, 1, 'T094', 'Gauripur, Mymensingh', 'Mymensingh', 'RWH, MYMENSHINGH', 1),
(379, 1, 'T095', 'Haluaghat, Mymensingh', 'Mymensingh', 'RWH, MYMENSHINGH', 1),
(380, 1, 'T096', 'Ishwarganj, Mymensingh', 'Mymensingh', 'RWH, MYMENSHINGH', 1),
(381, 1, 'T097', 'Muktagachha, Mymensingh', 'Mymensingh', 'RWH, MYMENSHINGH', 1),
(382, 1, 'T227', 'Atrai, Naogaon', 'Naogaon', 'RWH, BOGRA', 1),
(383, 1, 'T228', 'Badalgachhi, Naogaon', 'Naogaon', 'RWH, BOGRA', 1),
(384, 1, 'T229', 'Dhamoirhat, Naogaon', 'Naogaon', 'RWH, BOGRA', 1),
(385, 1, 'T231', 'Mahadebpur, Naogaon', 'Naogaon', 'RWH, BOGRA', 1),
(386, 1, 'T230', 'Manda, Naogaon', 'Naogaon', 'RWH, BOGRA', 1),
(387, 1, 'T232', 'Naogaon Sadar, Naogaon', 'Naogaon', 'RWH, BOGRA', 1),
(388, 1, 'T233', 'Niamatpur, Naogaon', 'Naogaon', 'RWH, BOGRA', 1),
(389, 1, 'T234', 'Patnitala, Naogaon', 'Naogaon', 'RWH, BOGRA', 1),
(390, 1, 'T235', 'Porsha, Naogaon', 'Naogaon', 'RWH, BOGRA', 1),
(391, 1, 'T236', 'Raninagar, Naogaon', 'Naogaon', 'RWH, BOGRA', 1),
(392, 1, 'T237', 'Sapahar, Naogaon', 'Naogaon', 'RWH, BOGRA', 1),
(393, 1, 'T448', 'Lohagara_Narail, Narail', 'Narail', 'RWH, JESSORE', 1),
(394, 1, 'T449', 'Narail Sadar, Narail', 'Narail', 'RWH, JESSORE', 1),
(395, 1, 'T028', 'Bandar, Narayanganj', 'Narayanganj', 'CWH, DHAKA', 1),
(396, 1, 'T031', 'Rupganj, Narayanganj', 'Narayanganj', 'CWH, DHAKA', 1),
(397, 1, 'T032', 'Belabo, Narsingdi', 'Narsingdi', 'CWH, DHAKA', 1),
(398, 1, 'T033', 'Manohardi, Narsingdi', 'Narsingdi', 'CWH, DHAKA', 1),
(399, 1, 'T035', 'Palash, Narsingdi', 'Narsingdi', 'CWH, DHAKA', 1),
(400, 1, 'T037', 'Shibpur, Narsingdi', 'Narsingdi', 'CWH, DHAKA', 1),
(401, 1, 'T239', 'Bagatipara, Natore', 'Natore', 'RWH, RAJSHAHI', 1),
(402, 1, 'T238', 'Baraigram, Natore', 'Natore', 'RWH, RAJSHAHI', 1),
(403, 1, 'T240', 'Gurudaspur, Natore', 'Natore', 'RWH, RAJSHAHI', 1),
(404, 1, 'T241', 'Lalpur, Natore', 'Natore', 'RWH, RAJSHAHI', 1),
(405, 1, 'T222', 'Bholahat, Nawabganj', 'Nawabganj', 'RWH, RAJSHAHI', 1),
(406, 1, 'T226', 'Shibganj_Nawabganj, Nawabganj', 'Nawabganj', 'RWH, RAJSHAHI', 1),
(407, 1, 'T117', 'Atpara, Netrakona', 'Netrakona', 'RWH, MYMENSHINGH', 1),
(408, 1, 'T118', 'Barhatta, Netrakona', 'Netrakona', 'RWH, MYMENSHINGH', 1),
(409, 1, 'T119', 'Durgapur_Netrakona, Netrakona', 'Netrakona', 'RWH, MYMENSHINGH', 1),
(410, 1, 'T121', 'Kalmakanda, Netrakona', 'Netrakona', 'RWH, MYMENSHINGH', 1),
(411, 1, 'T122', 'Kendua, Netrakona', 'Netrakona', 'RWH, MYMENSHINGH', 1),
(412, 1, 'T120', 'Khaliajuri, Netrakona', 'Netrakona', 'RWH, MYMENSHINGH', 1),
(413, 1, 'T123', 'Madan, Netrakona', 'Netrakona', 'RWH, MYMENSHINGH', 1),
(414, 1, 'T124', 'Mohanganj, Netrakona', 'Netrakona', 'RWH, MYMENSHINGH', 1),
(415, 1, 'T126', 'Purbadhala, Netrakona', 'Netrakona', 'RWH, MYMENSHINGH', 1),
(416, 1, 'T273', 'Dimla, Nilphamari', 'Nilphamari', 'RWH, RANGPUR', 1),
(417, 1, 'T274', 'Domar, Nilphamari', 'Nilphamari', 'RWH, RANGPUR', 1),
(418, 1, 'T275', 'Jaldhaka, Nilphamari', 'Nilphamari', 'RWH, RANGPUR', 1),
(419, 1, 'T276', 'Kishoreganj, Nilphamari', 'Nilphamari', 'RWH, RANGPUR', 1),
(420, 1, 'T277', 'Nilphamari Sadar, Nilphamari', 'Nilphamari', 'RWH, RANGPUR', 1),
(421, 1, 'T278', 'Saidpur, Nilphamari', 'Nilphamari', 'RWH, RANGPUR', 1),
(422, 1, 'T336', 'Chatkhil, Noakhali', 'Noakhali', 'RWH, NOAKHALI', 1),
(423, 1, 'T337', 'Companiganj_Noakhali, Noakhali', 'Noakhali', 'RWH, NOAKHALI', 1),
(424, 1, 'T338', 'Hatiya, Noakhali', 'Noakhali', 'RWH, NOAKHALI', 1),
(425, 1, '', 'Kabirhat, Noakhali', 'Noakhali', '', 0),
(426, 1, 'T340', 'Noakhali Sadar, Noakhali', 'Noakhali', 'RWH, NOAKHALI', 1),
(427, 1, 'T339', 'Senbagh, Noakhali', 'Noakhali', 'RWH, NOAKHALI', 1),
(428, 1, 'T479', 'Sonaimuri, Noakhali', 'Noakhali', 'RWH, NOAKHALI', 1),
(429, 1, 'T482', 'Subarnachar, Noakhali', 'Noakhali', 'RWH, NOAKHALI', 1),
(430, 1, 'T194', 'Atgharia, Pabna', 'Pabna', 'RWH, PABNA', 1),
(431, 1, 'T195', 'Bera, Pabna', 'Pabna', 'RWH, PABNA', 1),
(432, 1, 'T196', 'Bhangura, Pabna', 'Pabna', 'RWH, PABNA', 1),
(433, 1, 'T197', 'Chatmohar, Pabna', 'Pabna', 'RWH, PABNA', 1),
(434, 1, 'T198', 'Faridpur, Pabna', 'Pabna', 'RWH, PABNA', 1),
(435, 1, 'T199', 'Ishwardi, Pabna', 'Pabna', 'RWH, PABNA', 1),
(436, 1, 'T201', 'Santhia, Pabna', 'Pabna', 'RWH, PABNA', 1),
(437, 1, 'T202', 'Sujanagar, Pabna', 'Pabna', 'RWH, PABNA', 1),
(438, 1, 'T184', 'Atwari, Panchagarh', 'Panchagarh', 'RWH, DINAJPUR', 1),
(439, 1, 'T185', 'Boda, Panchagarh', 'Panchagarh', 'RWH, DINAJPUR', 1),
(440, 1, 'T186', 'Debiganj, Panchagarh', 'Panchagarh', 'RWH, DINAJPUR', 1),
(441, 1, 'T187', 'Panchagarh Sadar, Panchagarh', 'Panchagarh', 'RWH, DINAJPUR', 1),
(442, 1, 'T188', 'Tentulia, Panchagarh', 'Panchagarh', 'RWH, DINAJPUR', 1),
(443, 1, 'T127', 'Bauphal, Patuakhali', 'Patuakhali', 'RWH, PATUAKHALI', 1),
(444, 1, 'T128', 'Dashmina, Patuakhali', 'Patuakhali', 'RWH, PATUAKHALI', 1),
(445, 1, 'T469', 'Dumki, Patuakhali', 'Patuakhali', 'RWH, PATUAKHALI', 1),
(446, 1, 'T129', 'Galachipa, Patuakhali', 'Patuakhali', 'RWH, PATUAKHALI', 1),
(447, 1, 'T130', 'Kala Para, Patuakhali', 'Patuakhali', 'RWH, PATUAKHALI', 1),
(448, 1, 'T131', 'Mirzaganj, Patuakhali', 'Patuakhali', 'RWH, PATUAKHALI', 1),
(449, 1, 'T132', 'Patuakhali Sadar, Patuakhali', 'Patuakhali', 'RWH, PATUAKHALI', 1),
(450, 1, 'T462', 'Bhandaria, Pirojpur', 'Pirojpur', 'RWH, KHULNA', 1),
(451, 1, 'T463', 'Kawkhali, Pirojpur', 'Pirojpur', 'RWH, KHULNA', 1),
(452, 1, 'T464', 'Mathbaria, Pirojpur', 'Pirojpur', 'RWH, KHULNA', 1),
(453, 1, 'T465', 'Nazirpur, Pirojpur', 'Pirojpur', 'RWH, KHULNA', 1),
(454, 1, 'T467', 'Nesarabad_Swarupkati, Pirojpur', 'Pirojpur', 'RWH, FARIDPUR', 1),
(455, 1, 'T466', 'Pirojpur Sadar, Pirojpur', 'Pirojpur', 'RWH, KHULNA', 1),
(456, 1, 'T483', 'Zianagar, Pirojpur', 'Pirojpur', 'RWH, KHULNA', 1),
(457, 1, 'T076', 'Baliakandi, Rajbari', 'Rajbari', 'RWH, FARIDPUR', 1),
(458, 1, 'T077', 'Goalanda, Rajbari', 'Rajbari', 'RWH, FARIDPUR', 1),
(459, 1, 'T078', 'Pangsha, Rajbari', 'Rajbari', 'RWH, FARIDPUR', 1),
(460, 1, 'T213', 'Bagha, Rajshahi', 'Rajshahi', 'RWH, RAJSHAHI', 1),
(461, 1, '', 'Matihar, Rajshahi', 'Rajshahi', '', 0),
(462, 1, 'T218', 'Mohanpur, Rajshahi', 'Rajshahi', 'RWH, RAJSHAHI', 1),
(463, 1, 'T219', 'Paba, Rajshahi', 'Rajshahi', 'RWH, RAJSHAHI', 1),
(464, 1, 'T220', 'Puthia, Rajshahi', 'Rajshahi', 'RWH, RAJSHAHI', 1),
(465, 1, '', 'Rajpara, Rajshahi', 'Rajshahi', '', 0),
(466, 1, '', 'Shah Makhdum, Rajshahi', 'Rajshahi', '', 0),
(467, 1, 'T221', 'Tanore, Rajshahi', 'Rajshahi', 'RWH, RAJSHAHI', 1),
(468, 1, 'T350', 'Baghaichhari, Rangamati', 'Rangamati', 'RWH, RANGAMATI', 1),
(469, 1, 'T351', 'Barkal, Rangamati', 'Rangamati', 'RWH, RANGAMATI', 1),
(470, 1, 'T352', 'Belai Chhari, Rangamati', 'Rangamati', 'RWH, RANGAMATI', 1),
(471, 1, 'T354', 'Jurai Chhari, Rangamati', 'Rangamati', 'RWH, RANGAMATI', 1),
(472, 1, 'T353', 'Kaptai, Rangamati', 'Rangamati', 'RWH, RANGAMATI', 1),
(473, 1, 'T359', 'Kawkhali Betbunia, Rangamati', 'Rangamati', 'RWH, RANGAMATI', 1),
(474, 1, 'T355', 'Langadu, Rangamati', 'Rangamati', 'RWH, RANGAMATI', 1),
(475, 1, 'T356', 'Naniarchar, Rangamati', 'Rangamati', 'RWH, RANGAMATI', 1),
(476, 1, 'T358', 'Rajasthali, Rangamati', 'Rangamati', 'RWH, RANGAMATI', 1),
(477, 1, 'T244', 'Badarganj, Rangpur', 'Rangpur', 'RWH, RANGPUR', 1),
(478, 1, 'T245', 'Gangachara, Rangpur', 'Rangpur', 'RWH, RANGPUR', 1),
(479, 1, 'T246', 'Kaunia, Rangpur', 'Rangpur', 'RWH, RANGPUR', 1),
(480, 1, 'T247', 'Mitha Pukur, Rangpur', 'Rangpur', 'RWH, RANGPUR', 1),
(481, 1, 'T249', 'Pirgachha, Rangpur', 'Rangpur', 'RWH, RANGPUR', 1),
(482, 1, 'T248', 'Pirganj_Rangpur, Rangpur', 'Rangpur', 'RWH, RANGPUR', 1),
(483, 1, 'T250', 'Rangpur Sadar, Rangpur', 'Rangpur', 'RWH, RANGPUR', 1),
(484, 1, 'T251', 'Taraganj, Rangpur', 'Rangpur', 'RWH, RANGPUR', 1),
(485, 1, 'T422', 'Assasuni, Satkhira', 'Satkhira', 'RWH, KHULNA', 1),
(486, 1, 'T423', 'Debhata, Satkhira', 'Satkhira', 'RWH, KHULNA', 1),
(487, 1, 'T427', 'Shyamnagar, Satkhira', 'Satkhira', 'RWH, KHULNA', 1),
(488, 1, 'T428', 'Tala, Satkhira', 'Satkhira', 'RWH, KHULNA', 1),
(489, 1, 'T138', 'Bhedarganj, Shariatpur', 'Shariatpur', 'RWH, FARIDPUR', 1),
(490, 1, 'T139', 'Damudya, Shariatpur', 'Shariatpur', 'RWH, FARIDPUR', 1),
(491, 1, 'T140', 'Gosairhat, Shariatpur', 'Shariatpur', 'RWH, FARIDPUR', 1),
(492, 1, 'T142', 'Naria, Shariatpur', 'Shariatpur', 'RWH, FARIDPUR', 1),
(493, 1, 'T143', 'Shariatpur Sadar, Shariatpur', 'Shariatpur', 'RWH, FARIDPUR', 1),
(494, 1, 'T141', 'Zanjira, Shariatpur', 'Shariatpur', 'RWH, FARIDPUR', 1),
(495, 1, 'T087', 'Jhenaigati, Sherpur', 'Sherpur', 'RWH, JAMALPUR', 1),
(496, 1, 'T088', 'Nakla, Sherpur', 'Sherpur', 'RWH, JAMALPUR', 1),
(497, 1, 'T089', 'Nalitabari, Sherpur', 'Sherpur', 'RWH, JAMALPUR', 1),
(498, 1, 'T090', 'Sherpur Sadar, Sherpur', 'Sherpur', 'RWH, JAMALPUR', 1),
(499, 1, 'T091', 'Sreebardi, Sherpur', 'Sherpur', 'RWH, JAMALPUR', 1),
(500, 1, 'T203', 'Belkuchi, Sirajganj', 'Sirajganj', 'RWH, PABNA', 1),
(501, 1, 'T204', 'Chauhali, Sirajganj', 'Sirajganj', 'RWH, TANGAIL', 1),
(502, 1, 'T205', 'Kamarkhanda, Sirajganj', 'Sirajganj', 'RWH, PABNA', 1),
(503, 1, 'T206', 'Kazipur, Sirajganj', 'Sirajganj', 'RWH, PABNA', 1),
(504, 1, 'T207', 'Royganj, Sirajganj', 'Sirajganj', 'RWH, PABNA', 1),
(505, 1, 'T208', 'Shahjadpur, Sirajganj', 'Sirajganj', 'RWH, PABNA', 1),
(506, 1, 'T210', 'Tarash, Sirajganj', 'Sirajganj', 'RWH, PABNA', 1),
(507, 1, 'T211', 'Ullah Para, Sirajganj', 'Sirajganj', 'RWH, PABNA', 1),
(508, 1, 'T393', 'Bishwambarpur, Sunamganj', 'Sunamganj', 'RWH, SYLHET', 1),
(509, 1, 'T488', 'Dakshin Sunamganj, Sunamganj', 'Sunamganj', 'RWH, SYLHET 	', 1),
(510, 1, 'T399', 'Jamalganj, Sunamganj', 'Sunamganj', 'RWH, SYLHET', 1),
(511, 1, 'T400', 'Sulla, Sunamganj', 'Sunamganj', 'RWH, SYLHET', 1),
(512, 1, 'T370', 'Bishwanath, Sylhet', 'Sylhet', 'RWH, SYLHET', 1),
(513, 1, 'T371', 'Companiganj_Sylhet, Sylhet', 'Sylhet', 'RWH, SYLHET', 1),
(514, 1, 'T476', 'Dakshin Surma, Sylhet', 'Sylhet', 'RWH, SYLHET', 1),
(515, 1, 'T372', 'Fenchuganj, Sylhet', 'Sylhet', 'RWH, SYLHET', 1),
(516, 1, 'T374', 'Gowainghat, Sylhet', 'Sylhet', 'RWH, SYLHET', 1),
(517, 1, 'T144', 'Basail, Tangail', 'Tangail', 'RWH, TANGAIL', 1),
(518, 1, 'T145', 'Bhuapur, Tangail', 'Tangail', 'RWH, TANGAIL', 1),
(519, 1, 'T146', 'Delduar, Tangail', 'Tangail', 'RWH, TANGAIL', 1),
(520, 1, '', 'Dhanbari, Tangail', 'Tangail', 'RWH, PATUAKHALI', 0),
(521, 1, 'T147', 'Ghatail, Tangail', 'Tangail', 'RWH, TANGAIL', 1),
(522, 1, 'T148', 'Gopalpur, Tangail', 'Tangail', 'RWH, TANGAIL', 1),
(523, 1, 'T149', 'Kalihati, Tangail', 'Tangail', 'RWH, TANGAIL', 1),
(524, 1, 'T150', 'Madhupur, Tangail', 'Tangail', 'RWH, TANGAIL', 1),
(525, 1, 'T151', 'Mirzapur, Tangail', 'Tangail', 'RWH, TANGAIL', 1),
(526, 1, 'T152', 'Nagarpur, Tangail', 'Tangail', 'RWH, TANGAIL', 1),
(527, 1, 'T153', 'Sakhipur, Tangail', 'Tangail', 'RWH, TANGAIL', 1),
(528, 1, 'T189', 'Baliadangi, Thakurgaon', 'Thakurgaon', 'RWH, DINAJPUR', 1),
(529, 1, 'T190', 'Haripur, Thakurgaon', 'Thakurgaon', 'RWH, DINAJPUR', 1),
(530, 1, 'T191', 'Pirganj_Thakurgaon, Thakurgaon', 'Thakurgaon', 'RWH, DINAJPUR', 1),
(531, 1, 'T192', 'Ranisankail, Thakurgaon', 'Thakurgaon', 'RWH, DINAJPUR', 1),
(532, 1, 'T193', 'Thakurgaon Sadar, Thakurgaon', 'Thakurgaon', 'RWH, DINAJPUR', 1),
(533, 1, 'T484', 'Kabirhat, Noakhali', 'Noakhali', 'RWH, NOAKHALI', 1),
(534, 1, 'T485', 'Kamalnagar, Lakshmipur', 'Noakhali', 'RWH, NOAKHALI', 1),
(535, 2, 'C001', 'Dhaka CWH', '', '', 1),
(536, 2, 'D002', 'Bhola RWH', '', '', 1),
(537, 2, 'D003', 'Faridpur RWH', '', '', 1),
(538, 2, 'D004', 'Jamalpur RWH', '', '', 1),
(539, 2, 'D005', 'Mymensingh RWH', '', '', 1),
(540, 2, 'D006', 'Patuakhali RWH', '', '', 1),
(541, 2, 'D008', 'Tangail RWH', '', '', 1),
(542, 2, 'D009', 'Dinajpur RWH', '', '', 1),
(543, 2, 'D010', 'Pabna RWH', '', '', 1),
(544, 2, 'D011', 'Rajshahi RWH', '', '', 1),
(545, 2, 'D012', 'Rangpur RWH', '', '', 1),
(546, 2, 'D013', 'Bandarbon RWH', '', '', 1),
(547, 2, 'D014', 'Comilla RWH', '', '', 1),
(548, 2, 'D015', 'Noakhali RWH', '', '', 1),
(549, 2, 'D016', 'Rangamati RWH', '', '', 1),
(550, 2, 'D017', 'Sylhet RWH', '', '', 1),
(551, 2, 'D018', 'Jessore RWH', '', '', 1),
(552, 2, 'D019', 'Kushtia RWH', '', '', 1),
(553, 2, 'R001', 'Bogra RWH', '', '', 1),
(554, 2, 'R002', 'Chittagong RWH', '', '', 1),
(555, 2, 'R003', 'Khulna RWH', '', '', 1),
(556, 3, 'O001', 'DGFP Head Office', '', '', 1),
(557, 3, 'O002', 'MSH', '', '', 1),
(558, 3, 'O003', 'MOHFW', '', '', 1),
(559, 1, 'T486', 'Bijoynagar', 'Brahmanbaria', 'RWH, COMILLA', 1),
(560, 3, 'O004', 'DGHS', '', '', 1),
(561, 1, 'T487', 'Saltha, Faridpur', 'Faridpur', 'RWH, FARIDPUR', 1);

-- --------------------------------------------------------

--
-- Table structure for table `facility_type`
--

CREATE TABLE IF NOT EXISTS `facility_type` (
  `FacilityTypeId` int(11) NOT NULL AUTO_INCREMENT,
  `FacilityTypeName` varchar(50) NOT NULL,
  PRIMARY KEY (`FacilityTypeId`),
  UNIQUE KEY `FacilityTypeName` (`FacilityTypeName`)
) ENGINE=InnoDB  DEFAULT CHARSET=latin1 AUTO_INCREMENT=4 ;

--
-- Dumping data for table `facility_type`
--

INSERT INTO `facility_type` (`FacilityTypeId`, `FacilityTypeName`) VALUES
(3, 'Other'),
(1, 'Upazila FP Store'),
(2, 'Warehouse');

-- --------------------------------------------------------

--
-- Table structure for table `projecttools`
--

CREATE TABLE IF NOT EXISTS `projecttools` (
  `ProjectToolId` int(11) NOT NULL AUTO_INCREMENT,
  `ProjectToolName` varchar(80) NOT NULL,
  PRIMARY KEY (`ProjectToolId`)
) ENGINE=InnoDB  DEFAULT CHARSET=latin1 AUTO_INCREMENT=6 ;

--
-- Dumping data for table `projecttools`
--

INSERT INTO `projecttools` (`ProjectToolId`, `ProjectToolName`) VALUES
(1, 'SCIP'),
(2, 'SCMP'),
(3, 'UIMS'),
(4, 'WIMS'),
(5, 'Other');

-- --------------------------------------------------------

--
-- Table structure for table `supportmodes`
--

CREATE TABLE IF NOT EXISTS `supportmodes` (
  `ModeId` int(11) NOT NULL AUTO_INCREMENT,
  `ModeName` varchar(80) NOT NULL,
  PRIMARY KEY (`ModeId`)
) ENGINE=InnoDB  DEFAULT CHARSET=latin1 AUTO_INCREMENT=6 ;

--
-- Dumping data for table `supportmodes`
--

INSERT INTO `supportmodes` (`ModeId`, `ModeName`) VALUES
(1, 'Phone'),
(2, 'TeamViewer'),
(3, 'Visit To Site'),
(4, 'E-mail'),
(5, 'Other');

-- --------------------------------------------------------

--
-- Table structure for table `supportstatus`
--

CREATE TABLE IF NOT EXISTS `supportstatus` (
  `SupportId` int(11) NOT NULL AUTO_INCREMENT,
  `ProjectToolId` int(11) NOT NULL,
  `ModeId` int(11) NOT NULL,
  `MembersId` int(11) NOT NULL,
  `FacilityId` int(11) NOT NULL,
  `RequestedBy` text NOT NULL,
  `ReqSupportDate` datetime NOT NULL,
  `SupportDate` datetime NOT NULL,
  `SupportDuration` varchar(50) NOT NULL,
  `TaskPerformes` text NOT NULL,
  `Remarks` text NOT NULL,
  `CreatedDate` datetime NOT NULL,
  `LastUpdateTime` datetime NOT NULL,
  PRIMARY KEY (`SupportId`),
  KEY `FK_supportstatus` (`ProjectToolId`),
  KEY `FK_facilityId` (`FacilityId`),
  KEY `FK_supportmodes` (`ModeId`),
  KEY `FK_membersid` (`MembersId`)
) ENGINE=InnoDB  DEFAULT CHARSET=latin1 AUTO_INCREMENT=213 ;

--
-- Dumping data for table `supportstatus`
--

INSERT INTO `supportstatus` (`SupportId`, `ProjectToolId`, `ModeId`, `MembersId`, `FacilityId`, `RequestedBy`, `ReqSupportDate`, `SupportDate`, `SupportDuration`, `TaskPerformes`, `Remarks`, `CreatedDate`, `LastUpdateTime`) VALUES
(8, 4, 1, 2, 546, 'Joe', '2012-11-01 00:00:00', '2012-11-02 00:00:00', '00:00:07', 'Local Host LMIS SQL Generate  &''\r\n UploadLocal Host LMIS SQL Generate  &\r\n UploadLocal Host LMIS SQL Generate  &\r\n UploadLocal Host LMIS SQL Generate  &\r\n UploadLocal Host LMIS SQL Generate  &\r\n UploadLocal Host LMIS SQL Generate  &\r\n UploadLocal Host LMIS SQL Generate  &\r\n UploadLocal Host LMIS SQL Generate  &\r\n UploadLocal Host LMIS SQL Generate  &\r\n UploadLocal Host LMIS SQL Generate  &\r\n UploadLocal Host LMIS SQL Generate  &\r\n UploadLocal Host LMIS SQL Generate  &\r\n UploadLocal Host LMIS SQL Generate  &\r\n UploadLocal Host LMIS SQL Generate  &\r\n Upload', 'ppp', '2012-11-06 08:07:37', '2012-11-06 11:25:48'),
(9, 1, 1, 2, 546, 'Joe', '2012-11-01 00:00:00', '2012-11-02 00:00:00', '00:00:07', 'test\r\n\r\n\r\ntest', 'test \r\ntest\r\ntest', '2012-11-06 09:23:21', '2012-11-06 10:24:33'),
(10, 3, 2, 2, 172, 'adu  & joe''', '2012-11-01 00:00:00', '2012-11-02 00:00:00', '00:00:03', 'test & Test"', 'test & Test', '2012-11-06 10:13:56', '2012-11-07 04:19:11'),
(11, 2, 4, 2, 172, 'Joe''', '2012-11-01 00:00:00', '2012-11-03 00:00:00', '00:00:07', 'q''''wer %&@$%#$%', 'test', '2012-11-06 10:20:52', '2012-11-06 11:20:52'),
(12, 4, 3, 2, 541, 'wer', '2012-11-04 00:00:00', '2012-11-05 00:00:00', '00:00:07', '\r\nqqqqqqqqqqqqqqqqqqqqqqqqqqqqqqqqqqqqqqqqqqqqqqqqqqqqqqqqq\r\n\r\n\r\nqqqqqqqqqqqqqqqqqqq\r\n\r\nqqqqqqqqqqqqqqqqqqqqqqqqqqqqqqqqqqqqqqqqqqqqqqqqqqqqqqqqq\r\n\r\n\r\nqqqqqqqqqqqqqqqqqqq\r\n', 'sdfsdfsdfsdfsdfsdfsdfsdf\r\nsdfsdfsdfsdfsdfsdfsdfsdf\r\nsdfsdfsdfsdfsdfsdfsdfsdf\r\nsdfsdfsdfsdfsdfsdfsdfsdf\r\nsdfsdfsdfsdfsdfsdfsdfsdf\r\nsdfsdfsdfsdfsdfsdfsdfsdf\r\nsdfsdfsdfsdfsdfsdfsdfsdf\r\nsdfsdfsdfsdfsdfsdfsdfsdf\r\nsdfsdfsdfsdfsdfsdfsdfsdf\r\nsdfsdfsdfsdfsdfsdfsdfsdf\r\nsdfsdfsdfsdfsdfsdfsdfsdf\r\nsdfsdfsdfsdfsdfsdfsdfsdf\r\nsdfsdfsdfsdfsdfsdfsdfsdf\r\nsdfsdfsdfsdfsdfsdfsdfsdf\r\nsdfsdfsdfsdfsdfsdfsdfsdf\r\nsdfsdfsdfsdfsdfsdfsdfsdf\r\n', '2012-11-06 11:42:07', '2012-11-07 06:05:45'),
(13, 1, 4, 2, 282, 'Joe', '2012-11-01 00:00:00', '2012-11-02 00:00:00', '00:00:07', 'qwer'' " ~!@#$@#$%^&^*&^*', 'qwer'' " ~!@#$@#$%^&^*&^*', '2012-11-07 04:16:32', '2012-11-07 04:16:32'),
(15, 1, 3, 6, 556, 'Abdullah Imam', '2012-11-13 00:00:00', '2012-11-13 00:00:00', '00:06:00', 'In Procurement module, Data insertion for 2011-12 packages & Update the package status with the item of that packages', '', '2012-11-18 10:07:03', '2012-11-18 10:07:03'),
(16, 1, 3, 6, 556, 'Abdullah Imam', '2012-11-14 00:00:00', '2012-11-14 00:00:00', '00:07:00', 'Visit to the DGFP head office & update the packages status for 2010-11 & 2011-12 package status & Visit to the Central Warehouse for Received data collection & Update into SCIP portal', '', '2012-11-18 10:09:10', '2012-11-18 10:09:10'),
(17, 1, 5, 6, 556, 'Joe', '2012-11-15 00:00:00', '2012-11-15 00:00:00', '00:03:00', 'Update the package status date for 2011-12 packages & their contract info', '', '2012-11-18 10:12:06', '2012-11-18 10:12:06'),
(18, 1, 1, 6, 556, 'Abdullah Imam', '2012-11-15 00:00:00', '2012-11-15 00:00:00', '00:00:05', 'Let Mr. Imam to inform for Latest Portal status', '', '2012-11-18 10:13:55', '2012-11-18 10:13:55'),
(19, 1, 5, 6, 556, 'Mahmudul Islam', '2012-11-17 00:00:00', '2012-11-17 00:00:00', '00:04:00', 'Update UIMS Operational Status as ''Scheduled For Training'' with flash settings & the entry screen for filter with wirehouse & Operational status', '', '2012-11-18 10:17:52', '2012-11-18 10:17:52'),
(20, 1, 5, 6, 556, 'Azad', '2012-11-18 00:00:00', '2012-11-18 00:00:00', '00:01:00', 'Prepare October 2012 data for SCIP Dispense as Access zip file', '', '2012-11-18 10:20:38', '2012-11-18 10:20:38'),
(21, 1, 5, 6, 556, 'Mahmudul Islam', '2012-11-18 00:00:00', '2012-11-18 00:00:00', '00:01:30', 'Prepare new menu item as ''F7B UIMS Upload Statistics'' in the LMIS module & give the access for Admin & Entrymanager', '', '2012-11-18 10:22:33', '2012-11-18 10:29:07'),
(22, 1, 5, 6, 556, 'Mahmudul Islam', '2012-11-15 00:00:00', '2012-11-15 00:00:00', '00:03:00', 'Prepare a query on procurement analyzer', '', '2012-11-18 10:24:55', '2012-11-18 10:24:55'),
(23, 1, 5, 6, 556, 'Mahmudul Islam', '2012-11-18 00:00:00', '2012-11-18 00:00:00', '00:00:15', 'Run the monthly sql script into web for calculating total Usable Stock balance & download the October LMIS data', '', '2012-11-18 10:28:26', '2012-11-18 10:28:26'),
(24, 1, 5, 6, 556, 'Mahmudul Islam', '2012-11-12 00:00:00', '2012-11-12 00:00:00', '00:04:00', 'Check the Item & Contract Entry screen for Procurement Module & Update the logic for Item & Contract Entry screen', '', '2012-11-18 10:33:48', '2012-11-18 10:33:48'),
(25, 1, 5, 6, 556, 'Mahmudul Islam', '2012-11-19 00:00:00', '2012-11-19 00:00:00', '00:00:20', 'F7B UIMS Upload Statistics give access to all of the users', '', '2012-11-19 06:58:26', '2012-11-19 06:58:26'),
(26, 1, 5, 6, 556, 'Kibria', '2012-11-26 00:00:00', '2012-11-26 00:00:00', '00:03:00', 'SCIP new news Update as "MoU signed between SIAPS Program and Engineering Staff College, Bangladesh (ESCB) " & "SIAPS facilitated to develop/revised 2 policies/guidelines related to FPRH " provided by Kibria through mail', '', '2012-11-27 05:06:01', '2012-11-27 05:06:01'),
(27, 1, 5, 6, 556, 'BDHelp,SPS', '2012-11-27 00:00:00', '2012-11-27 00:00:00', '00:02:00', 'DGFP STOCK STATUS REPORT updated for October 2012 in SCIP portal', '', '2012-11-27 05:07:40', '2012-11-27 05:07:40'),
(28, 1, 5, 6, 557, 'BDHelp,SPS', '2012-11-29 00:00:00', '2012-11-29 00:00:00', '00:00:20', 'download SCIP-October, 2012 data and then send MySql DataFiles for F7 & f7B data', '', '2012-11-29 04:10:28', '2012-11-29 04:10:28'),
(29, 1, 5, 6, 556, 'BDHelp,SPS', '2012-12-04 00:00:00', '2012-12-04 00:00:00', '00:02:00', 'Re-construction zip file on F7B October Dispense data for Oracal DB', '', '2012-12-04 09:14:06', '2012-12-04 09:14:06'),
(30, 1, 5, 6, 556, 'BDHelp,SPS', '2012-12-01 00:00:00', '2012-12-01 00:00:00', '00:04:00', 'Prepare Monthly Logistics Report for Family Planning October 2012 as Pdf', '', '2012-12-04 09:16:08', '2012-12-04 09:16:08'),
(31, 1, 5, 6, 556, 'BDHelp,SPS', '2012-12-01 00:00:00', '2012-12-01 00:00:00', '00:02:00', 'Prepare Audit Log Report for SCIP upto November 2012', '', '2012-12-04 09:17:07', '2012-12-04 09:17:07'),
(32, 1, 5, 6, 556, 'BDHelp,SPS', '2012-12-04 00:00:00', '2012-12-05 00:00:00', '00:01:00', 'Update Monthly Logistics with an excel data report for Contraceptive receipts report', '', '2012-12-05 05:27:20', '2012-12-05 05:27:20'),
(33, 1, 5, 6, 556, 'BDHelp,SPS', '2012-12-10 00:00:00', '2012-12-10 00:00:00', '00:01:00', 'Upload Monthly Logistics Report page to the server', '', '2012-12-12 05:22:53', '2012-12-12 05:22:53'),
(34, 1, 5, 6, 556, 'BDHelp,SPS', '2012-12-12 00:00:00', '2012-12-12 00:00:00', '00:00:20', 'Correct the Logistics page title as Logistics not Logistic', '', '2012-12-12 05:23:58', '2012-12-12 05:23:58'),
(35, 1, 5, 6, 556, 'BDHelp,SPS', '2012-12-20 00:00:00', '2012-12-20 00:00:00', '00:01:00', 'Dumping November Data and Execute monthly sql to the server for the MOS calculation', '', '2012-12-22 04:17:47', '2012-12-22 04:17:47'),
(36, 1, 5, 6, 556, 'BDHelp,SPS', '2012-12-15 00:00:00', '2012-12-15 00:00:00', '01:00:00', 'UIMS map calculation fixing for the Schedule for Training\r\n', '', '2012-12-22 04:26:46', '2012-12-22 04:28:37'),
(37, 1, 5, 6, 556, 'BDHelp,SPS', '2012-12-15 00:00:00', '2012-12-15 00:00:00', '00:01:00', 'prepare UIMS unmarked upazila list and a xml of them for the area co-ordinate', '', '2012-12-22 04:31:22', '2012-12-22 04:31:42'),
(38, 1, 5, 6, 556, 'BDHelp,SPS', '2012-12-16 00:00:00', '2012-12-16 00:00:00', '02:00:00', 'Integrate DGFP Circulars as recent date order to the Documents page where user can download the circular form the SCIP portal', '', '2012-12-22 04:34:38', '2012-12-22 04:34:38'),
(39, 1, 5, 6, 556, 'BDHelp,SPS', '2012-12-20 00:00:00', '2012-12-22 00:00:00', '00:01:00', 'prepare dispense for the month of November data for Oracle database as zip file', '', '2012-12-22 04:46:07', '2012-12-22 04:46:07'),
(40, 1, 5, 6, 551, 'Elias Miah', '2012-12-23 00:00:00', '2012-12-23 00:00:00', '00:01:00', 'Prepare Jessore WH database for LMIS portal upto November 2012', '', '2012-12-23 05:11:53', '2012-12-23 05:11:53'),
(41, 1, 5, 6, 552, 'Elias Miah', '2012-12-23 00:00:00', '2012-12-23 00:00:00', '00:01:00', 'Prepare Kushtia WH database for LMIS portal upto November 2012', '', '2012-12-23 05:12:38', '2012-12-23 05:12:38'),
(42, 1, 5, 6, 556, 'Hasan Mahmud', '2012-12-24 00:00:00', '2012-12-24 00:00:00', '00:01:00', 'UIMS map and entry page new flag as "Having No Computer" integrated which is in blue color in map area', '', '2012-12-24 09:28:36', '2012-12-24 09:28:36'),
(43, 1, 5, 6, 556, 'Elias Miah', '2013-01-03 00:00:00', '2013-01-03 00:00:00', '00:00:20', 'Prepare a sql script for adding new upazila name and the default F7B data when a new upazila want to generate F7B data through LMIS portal', '', '2013-01-21 09:58:35', '2013-01-21 09:58:35'),
(44, 1, 5, 6, 556, 'BDHelp,SPS', '2013-01-05 00:00:00', '2013-01-05 00:00:00', '00:04:00', 'prepare a pdf for monthly logistics report for the month November 2012 and upload to the server in SCIP portal', '', '2013-01-21 10:00:53', '2013-01-21 10:04:43'),
(45, 1, 5, 6, 556, 'BDHelp,SPS', '2013-01-05 00:00:00', '2013-01-05 00:00:00', '00:01:00', 'prepare audit log report for the month December 2012', '', '2013-01-21 10:01:41', '2013-01-21 10:01:41'),
(46, 1, 5, 6, 556, 'BDHelp,SPS', '2013-01-06 00:00:00', '2013-01-06 00:00:00', '00:03:00', 'integrate Stock Status report for the month November 2012 and set the stock report in the Monthly Logistics Report also upload in the server in the SCIP portal', '', '2013-01-21 10:04:24', '2013-01-21 10:04:24'),
(47, 1, 5, 6, 556, 'BDHelp,SPS', '2013-01-09 00:00:00', '2013-01-09 00:00:00', '00:07:00', 'Create Oracle Dispense Sql Page for new SCIP portal', '', '2013-01-21 10:43:42', '2013-01-21 10:43:42'),
(48, 1, 5, 6, 556, 'BDHelp,SPS', '2013-01-14 00:00:00', '2013-01-14 00:00:00', '00:04:00', 'prepare DGFP Stock status report for the month December 2012', '', '2013-01-21 10:45:13', '2013-01-21 10:45:13'),
(49, 1, 5, 6, 556, 'BDHelp,SPS', '2013-01-19 00:00:00', '2013-01-19 00:00:00', '00:02:00', 'prepare oracle dispense access database for the month December 2012 as a zip file', '', '2013-01-21 10:47:10', '2013-01-21 10:47:10'),
(50, 1, 5, 6, 556, 'BDHelp,SPS', '2013-01-19 00:00:00', '2013-01-19 00:00:00', '00:04:00', 'prepare DGFP monthly logistics report for the month December 2012 as pdf and upload in the server', '', '2013-01-21 10:48:20', '2013-01-21 10:48:20'),
(51, 1, 5, 6, 556, 'BDHelp,SPS', '2013-01-19 00:00:00', '2013-01-22 00:00:00', '00:03:00', 'Fix Reporting rate as 100% based on F7B data reports pages. because of adding three new upazila, there require to fixing rate for the month before April F7B data', '', '2013-01-22 11:31:30', '2013-01-22 11:31:30'),
(52, 1, 5, 6, 556, 'BDHelp,SPS', '2013-01-22 00:00:00', '2013-01-28 00:00:00', '00:16:00', 'implementation go through with new three items as COTTON(100GM), PROVIDE IODINE SOLUTION, TAB MISOPROSTOL and upgrade the business logic based on Cutting Date', '', '2013-01-31 10:38:19', '2013-01-31 10:38:19'),
(53, 1, 5, 6, 556, 'BDHelp,SPS', '2013-01-22 00:00:00', '2013-01-27 00:00:00', '00:06:00', 'Review all the LMIS Report pages where upgrade the item record based on cutting date', '', '2013-01-31 10:44:05', '2013-01-31 10:44:53'),
(54, 1, 5, 6, 556, 'BDHelp,SPS', '2013-01-30 00:00:00', '2013-01-30 00:00:00', '00:01:00', 'prepare audit log report for the month January 2013', '', '2013-01-31 10:51:56', '2013-01-31 10:51:56'),
(55, 1, 5, 6, 556, 'Elias Miah & BdHelp', '2013-02-11 00:00:00', '2013-02-11 00:00:00', '00:00:30', 'Prepare Warehouses record data for KUSHTIA RWH and Patuakhali RWH for local LMIS portal from Web DB', '', '2013-02-11 07:13:21', '2013-02-28 08:29:56'),
(56, 1, 5, 6, 556, 'Elias Miah', '2013-02-11 00:00:00', '2013-02-11 00:00:00', '00:00:05', 'UIMS entry review for Ruma, Bandarban', '', '2013-02-11 07:15:15', '2013-02-11 07:15:15'),
(57, 1, 5, 6, 556, 'BDHelp,SPS', '2013-02-14 00:00:00', '2013-02-14 00:00:00', '00:00:15', 'set administrator role to Md. Abdullah for the SCIP portal for the LMIS module', '', '2013-02-14 05:26:53', '2013-02-14 05:26:53'),
(58, 1, 5, 6, 556, 'BDHelp,SPS', '2013-02-14 00:00:00', '2013-02-14 00:00:00', '00:01:30', 'Update the user role setting entry page where the password field now act as non-mandatory behavior', '', '2013-02-14 05:29:59', '2013-02-14 05:29:59'),
(59, 1, 5, 6, 556, 'BDHelp,SPS', '2013-02-17 00:00:00', '2013-02-19 00:00:00', '00:01:00', 'Update Dgfp Stock Status Report for the month January 2013 to the SCIP portal', '', '2013-02-19 11:51:34', '2013-02-19 11:51:34'),
(60, 1, 5, 6, 556, 'BDHelp,SPS', '2013-02-20 00:00:00', '2013-02-20 00:00:00', '00:02:00', 'Prepare Monthly Logistics Report for January 2013 as pdf and upload in the SCIP portal', '', '2013-02-23 04:02:19', '2013-02-23 04:02:19'),
(61, 1, 5, 6, 556, 'BDHelp,SPS', '2013-02-20 00:00:00', '2013-02-20 00:00:00', '00:02:00', 'Upload new news for PPM and SM Launching and news on Supply officers workshops in the SCIP portal', '', '2013-02-23 04:04:11', '2013-02-23 04:04:11'),
(62, 1, 5, 6, 556, 'BDHelp,SPS', '2013-02-20 00:00:00', '2013-02-20 00:00:00', '00:00:30', 'Upload new gallery images for Supply officers workshop in the SCIP portal', '', '2013-02-23 04:05:01', '2013-02-23 04:05:01'),
(63, 1, 5, 6, 556, 'BDHelp,SPS', '2013-02-20 00:00:00', '2013-02-20 00:00:00', '00:01:00', 'Prepare Dispense Oracle access data and generate a SQL for the Month January 2013', '', '2013-02-23 04:06:15', '2013-02-23 04:06:15'),
(64, 1, 5, 6, 556, 'BDHelp,SPS', '2013-02-25 00:00:00', '2013-02-26 00:00:00', '00:01:30', 'Upload new news as "Upazila Inventory Management System (UIMS-v2) Rolled-out in all 486 Upazila" and also upload gallery for the news event in the SCIP portal', '', '2013-02-26 04:59:00', '2013-02-26 04:59:25'),
(65, 1, 5, 6, 556, 'Elias Miah', '2013-02-18 00:00:00', '2013-02-18 00:00:00', '00:07:00', 'Update and review Local LMIS for F7B entry form and the reports as new version of local LMIS', '', '2013-02-26 06:01:29', '2013-02-26 06:01:29'),
(66, 1, 5, 6, 556, 'BDHelp,SPS', '2013-02-26 00:00:00', '2013-02-27 00:00:00', '00:02:00', 'Fixing Upazila Map area for Stock Report at Upazila in the LMIS Dashboard where there found different Upazila map area name which is not following our map protocol and also hide to changing map area name from Upazila entry form', '', '2013-02-28 07:36:18', '2013-02-28 07:36:18'),
(67, 1, 5, 6, 556, 'BDHelp,SPS', '2013-02-02 00:00:00', '2013-02-09 00:00:00', '06:00:00', 'Local LMIS site ready for testing which is new version of local LMIS with new sql integration patch where 3 new items are added based on cutting date', '', '2013-02-28 08:40:27', '2013-02-28 08:47:16'),
(68, 1, 5, 6, 556, 'BDHelp,SPS', '2013-03-02 00:00:00', '2013-03-02 00:00:00', '00:00:40', 'Prepare SCIP audit log report for the month February 2013 as Word file', '', '2013-03-02 06:00:53', '2013-03-02 06:00:53'),
(69, 1, 5, 6, 556, 'BDHelp,SPS', '2013-03-07 00:00:00', '2013-03-07 00:00:00', '00:00:15', 'Fixing LMIS dashboard map data loading for field items', '', '2013-03-09 04:47:58', '2013-03-09 04:47:58'),
(70, 1, 5, 6, 556, 'BDHelp,SPS', '2013-03-09 00:00:00', '2013-03-09 00:00:00', '00:01:00', 'Prepare new report page as List of warehouses uploaded F7 to SCIP new portal from WIMS', '', '2013-03-09 04:50:32', '2013-03-09 04:50:32'),
(71, 1, 5, 6, 556, 'BDHelp,SPS', '2013-03-11 00:00:00', '2013-03-11 00:00:00', '00:00:40', 'Upload DGFP Stock Status Report for the month of February 2013', '', '2013-03-11 09:36:25', '2013-03-11 09:36:25'),
(72, 1, 5, 6, 556, 'BDHelp,SPS', '2013-03-07 00:00:00', '2013-03-13 00:00:00', '00:02:00', 'Prepare in Stock Status at Upazila & Field as sortable field with giving color for the AMD, store MOS & field MOS', '', '2013-03-14 05:24:07', '2013-03-14 05:24:21'),
(73, 1, 5, 6, 556, 'BDHelp,SPS', '2013-03-07 00:00:00', '2013-03-12 00:00:00', '00:05:00', 'Bug finding & fixing in the dashboard map on the stock at upazila for DDS Kit item where AMD value updated for 10 UP', '', '2013-03-14 05:27:12', '2013-03-14 05:27:12'),
(74, 1, 5, 6, 556, 'BDHelp,SPS', '2013-03-16 00:00:00', '2013-03-16 00:00:00', '00:00:30', 'Generate Monthly Sql scripts for calculated mos for the month February 2013 on the SCIP web', '', '2013-03-16 08:23:48', '2013-03-16 08:23:48'),
(75, 1, 5, 6, 556, 'BDHelp,SPS', '2013-03-16 00:00:00', '2013-03-16 00:00:00', '00:01:30', 'Export February 2013 data and prepare Dispense report for oracle database as AccessDB zip file', '', '2013-03-16 08:25:33', '2013-03-16 08:25:33'),
(76, 1, 5, 6, 556, 'BDHelp,SPS', '2013-03-18 00:00:00', '2013-03-18 00:00:00', '00:02:00', 'Prepare Monthly Logistics report for the month February 2013 as pdf and upload in the Web SCIP', '', '2013-03-18 04:29:40', '2013-03-18 04:29:40'),
(77, 1, 5, 6, 556, 'BDHelp,SPS', '2013-03-20 00:00:00', '2013-03-20 00:00:00', '00:00:15', 'Give LMIS access as operator for UP updating no of SDP for Abu Molla, Syed Al Amin, Md. Azim Uddin, Mohammed Hossain, Mian Kader', '', '2013-03-20 05:13:51', '2013-03-20 05:13:51'),
(78, 1, 5, 6, 556, 'BDHelp,SPS', '2013-03-28 00:00:00', '2013-03-28 00:00:00', '00:00:15', 'Prepare February 2013 data both for F7 and F7B data as MySql Datafiles\r\n', '', '2013-03-31 10:05:52', '2013-03-31 10:05:52'),
(79, 1, 5, 6, 556, 'BDHelp,SPS', '2013-04-09 00:00:00', '2013-04-09 00:00:00', '00:00:30', 'revised Family Planning Monthly Logistics Report (revised) for January and February 2013 using given Xcel Recept Status', '', '2013-04-09 08:41:23', '2013-04-09 08:42:34'),
(80, 1, 5, 6, 556, 'BDHelp,SPS', '2013-04-06 00:00:00', '2013-04-06 00:00:00', '00:01:00', 'prepare Audit Log Report for the Month March 2013 as Word file document', '', '2013-04-09 08:45:02', '2013-04-09 08:45:57'),
(81, 2, 5, 6, 556, 'BDHelp,SPS', '2013-04-06 00:00:00', '2013-04-06 00:00:00', '00:00:45', 'prepare SCMP audit log report for the month March 2013 as word file', '', '2013-04-09 09:17:22', '2013-04-09 09:17:22'),
(82, 1, 5, 6, 556, 'BDHelp,SPS', '2013-04-15 00:00:00', '2013-04-15 00:00:00', '00:00:15', 'Give access to Golam Kibria as SCIP25 for New SCIP Portal preparing new user as mkibria', '', '2013-04-15 07:55:44', '2013-04-15 07:55:44'),
(83, 1, 5, 6, 556, 'BDHelp,SPS', '2013-04-06 00:00:00', '2013-04-13 00:00:00', '00:06:00', 'Export UIMS data from SQL Server and import into MySql database for SDP records and merge F2 amd F3 forms based on Warehouse ItemSet', '', '2013-04-15 07:59:09', '2013-04-15 07:59:09'),
(84, 1, 5, 6, 556, 'BDHelp,SPS', '2013-04-15 00:00:00', '2013-04-16 00:00:00', '00:01:00', 'Prepare Stock Status Report for the month March 2013', '', '2013-04-17 04:24:33', '2013-04-17 04:24:33'),
(85, 1, 5, 6, 556, 'BDHelp,SPS', '2013-04-15 00:00:00', '2013-04-16 00:00:00', '00:03:00', 'Prepare DGFP Monthly Logistic Report as pdf for the month March 2013', '', '2013-04-17 04:25:36', '2013-04-17 04:25:36'),
(86, 1, 5, 6, 556, 'BDHelp,SPS', '2013-05-13 00:00:00', '2013-05-13 00:00:00', '00:01:00', 'prepare DGFP stock status teport as pdf and upload in the SCIP site for download', '', '2013-05-13 12:00:30', '2013-05-13 12:00:30'),
(87, 4, 1, 2, 553, 'Sahajamal Mollah (MSH-TA)', '2013-11-05 00:00:00', '2013-11-05 00:00:00', '00:00:05', 'WIMS Data Not Show in software.\r\nNeed WIMS update exe paste on D:\\WIMS Folder.', '', '2013-11-11 23:37:43', '2013-11-11 23:37:43'),
(88, 3, 2, 2, 123, 'Mohammad Hossain (MSH-TA)', '2013-11-05 00:00:00', '2013-11-05 00:00:00', '00:00:30', 'UIMS Items Lot Record Correction.', '', '2013-11-11 23:41:00', '2013-11-11 23:41:00'),
(89, 3, 2, 2, 120, 'Syeed Mostafa Al-Amin', '2013-11-24 00:00:00', '2013-11-24 00:00:00', '00:00:30', 'SQL Server 2000 & UIMS setup', '', '2013-12-01 01:04:37', '2013-12-01 01:04:37'),
(90, 3, 1, 2, 36, 'Mian Abdul Kader', '2013-11-29 00:00:00', '2013-11-29 00:00:00', '00:00:05', 'SQL Server 2000 setup', '', '2013-12-01 01:06:50', '2013-12-01 01:14:35'),
(91, 3, 1, 2, 68, 'Ershad Ahmmed Nomani (FPO)', '2013-12-03 00:00:00', '2013-12-03 00:00:00', '00:00:20', 'Sql server 2000 Setup.', 'Sql server 2000 Setup, Data Base Create and Uims Backup Restore Problem.', '2013-12-05 03:54:19', '2013-12-05 03:54:19'),
(92, 3, 2, 2, 164, 'Mohammad Hossain (T.A- MSH)', '2013-12-05 00:00:00', '2013-12-05 00:00:00', '00:00:40', 'Sql Server 2000 setup.\r\nCreate Uims Database.\r\nUims Software Setup', 'Sql Server 2000 setup,Create Uims Database and\r\nUims Software Setup problem', '2013-12-05 03:58:32', '2013-12-05 03:58:32'),
(93, 3, 1, 2, 284, 'Mohammad hossain (TA-MSH)', '2014-01-22 00:00:00', '2014-01-22 00:00:00', '00:00:05', ' Database not create in Sql server 2000', 'Sql server 2000 did not setup in right way.', '2014-01-23 06:43:34', '2014-01-23 06:43:34'),
(94, 3, 2, 2, 408, 'Sayed Mostafa Al_Amin (TA-MSH)', '2014-01-23 00:00:00', '2014-01-23 00:00:00', '00:00:30', '7B upload problem', '', '2014-01-23 06:54:50', '2014-01-23 06:54:50'),
(95, 3, 2, 2, 122, 'Syeed Mostafa Al-Amin', '2014-02-02 00:00:00', '2014-02-02 00:00:00', '00:00:35', '1. SQL Server Setup\r\n2. UIMS database Setup\r\n3. UIMS software Setup', '', '2014-02-02 23:54:54', '2014-02-02 23:56:23'),
(96, 3, 1, 2, 114, 'Syeed Mostafa Al-Amin', '2014-02-01 00:00:00', '2014-02-01 00:00:00', '00:00:15', '1. SQL Server 2000 Setup', '', '2014-02-02 23:56:10', '2014-02-02 23:56:10'),
(97, 3, 1, 2, 81, 'Syeed Mostafa Al-Amin', '2014-02-04 00:00:00', '2014-02-04 00:00:00', '00:00:15', '1. UIMS database Backup Restore', '', '2014-02-04 01:10:56', '2014-02-04 01:10:56'),
(98, 3, 1, 2, 118, 'Syeed Mostafa Al-Amin', '2014-02-10 00:00:00', '2014-02-10 00:00:00', '00:00:40', 'UIMS V-2.5 setup', '', '2014-02-11 05:53:48', '2014-02-11 05:53:48'),
(99, 3, 1, 2, 116, 'Syeed Mostafa Al-Amin', '2014-02-10 00:00:00', '2014-02-10 00:00:00', '00:00:30', 'UIMS V2.5 Setup', '', '2014-02-11 05:54:54', '2014-02-11 05:54:54'),
(100, 3, 2, 2, 117, 'Syeed Mostafa Al-Amin', '2014-02-11 00:00:00', '2014-02-11 00:00:00', '00:01:30', 'send UIMS V2.5 installer & setup UIMS 2.5', '', '2014-02-11 05:56:48', '2014-02-11 05:58:02'),
(101, 3, 2, 2, 363, 'Syeed Mostafa Al-Amin', '2014-02-11 00:00:00', '2014-02-11 00:00:00', '00:00:30', 'UIMS V2 database setup', '', '2014-02-11 05:59:44', '2014-02-11 05:59:44'),
(102, 3, 2, 2, 12, 'Mian Abdul Kader', '2014-02-15 00:00:00', '2014-02-15 00:00:00', '00:01:00', 'SQL Server 2000 setup', 'setup not completed because internet connectivity issue', '2014-02-17 15:57:13', '2014-02-17 15:57:13'),
(103, 3, 1, 2, 482, 'Shaha Jaman Mullah', '2014-02-17 00:00:00', '2014-02-17 00:00:00', '00:00:30', 'Default printer setup', 'windows 7 can''t set default printer', '2014-02-17 15:59:00', '2014-02-17 15:59:00'),
(104, 3, 1, 2, 121, 'Syeed Mostafa Al-Amin', '2014-02-12 00:00:00', '2014-02-12 00:00:00', '00:00:20', 'UIMS 2.5 setup & view from 7B items & from 3 items', '', '2014-02-17 16:01:14', '2014-02-17 16:01:14'),
(105, 3, 1, 2, 196, 'Mr. Mozibur Rahman (UFO) M.T', '2014-02-19 00:00:00', '2014-02-19 00:00:00', '00:00:15', 'SQL Server 2000 Setup and UIMS database Create.', '', '2014-02-26 16:26:23', '2014-02-26 16:26:23'),
(106, 3, 1, 2, 172, 'Md. Abu Shah Jamal Molla (TA-MSH)', '2014-02-23 00:00:00', '2014-02-23 00:00:00', '00:00:10', 'Convert UIMS_V2 to UIMS_V2.5', '', '2014-02-26 16:31:05', '2014-03-15 14:51:05'),
(107, 3, 2, 2, 118, 'Syed Mostafa Al-Amin (TA-MSH)', '2014-02-24 00:00:00', '2014-02-24 00:00:00', '00:00:30', 'UIMS bakup data import', '', '2014-02-26 16:34:15', '2014-02-26 16:34:15'),
(108, 3, 2, 2, 343, 'Mian Abdul Kader (TA-MSH)', '2014-02-25 00:00:00', '2014-02-25 00:00:00', '00:01:20', 'UIMS Issue voucher update problem Solved', '', '2014-02-26 16:36:35', '2014-02-26 16:36:35'),
(109, 3, 1, 2, 534, 'Mian Abdul Kader (TA-MSH)', '2014-02-26 00:00:00', '2014-02-26 00:00:00', '00:00:10', 'UIMS_V2.5 Data problem solved', '', '2014-02-26 16:39:56', '2014-02-26 16:39:56'),
(110, 1, 2, 2, 557, 'Mohammad Hossain (TA-MSH)', '2014-02-26 00:00:00', '2014-02-26 00:00:00', '00:00:30', 'Update Data january,2014 on LocalHost scip  ', '', '2014-02-26 16:43:04', '2014-02-26 16:43:04'),
(111, 2, 3, 2, 558, 'Roshni Fatema', '2014-02-26 00:00:00', '2014-02-26 00:00:00', '00:05:30', 'Procurement JICA plan entry & update', '', '2014-02-27 15:03:14', '2014-02-27 15:03:14'),
(112, 3, 2, 2, 544, 'Md. Safiar Ahmmed', '2014-03-02 00:00:00', '2014-03-02 00:00:00', '00:00:30', '7B Upload problem Test', '', '2014-03-02 17:20:18', '2014-03-02 17:20:18'),
(113, 3, 5, 2, 362, 'Md. Azim Uddin', '2014-03-02 00:00:00', '2014-03-02 00:00:00', '00:00:30', 'Database import & 7B Upload ', '', '2014-03-02 17:23:02', '2014-03-15 14:52:58'),
(114, 3, 1, 2, 557, 'Sahajamal  Millah', '2014-03-02 00:00:00', '2014-03-02 00:00:00', '00:00:10', 'F7B Upload problem', '', '2014-03-02 17:25:35', '2014-03-02 17:25:35'),
(115, 3, 2, 2, 6, 'Md. Abu Shah Jamal Molla (TA-MSH)', '2014-03-10 00:00:00', '2014-03-10 00:00:00', '00:02:30', 'Product Map Upload in SCIP', '', '2014-03-10 13:09:14', '2014-03-15 14:52:40'),
(116, 3, 2, 2, 162, 'Mukta Akhter TFPA', '2014-03-10 00:00:00', '2014-03-10 00:00:00', '00:00:45', 'Preview 7B report correct formate', '', '2014-03-10 13:28:59', '2014-03-10 13:28:59'),
(117, 3, 2, 2, 118, 'Abdul Mannan TFPO', '2014-03-10 00:00:00', '2014-03-10 00:00:00', '00:01:30', 'UIMS Backup Surch', '', '2014-03-10 13:30:49', '2014-03-15 14:52:20'),
(118, 3, 2, 2, 416, 'Md. Abu Shah Jamal Molla (TA-MSH)', '2014-03-08 00:00:00', '2014-03-08 00:00:00', '00:01:30', 'Default Printer setup Problem', '', '2014-03-15 14:50:16', '2014-03-15 14:52:00'),
(119, 3, 2, 2, 417, 'Md. Abu Shah Jamal Molla (TA-MSH)', '2014-03-08 00:00:00', '2014-03-08 00:00:00', '00:01:30', 'Default Printer setup Problem ', '', '2014-03-15 14:54:49', '2014-03-15 14:54:49'),
(120, 3, 2, 2, 482, 'Md. Abu Shah Jamal Molla (TA-MSH)', '2014-03-10 00:00:00', '2014-03-10 00:00:00', '00:01:40', 'Default printer setup problem', '', '2014-03-15 14:56:19', '2014-03-15 14:56:19'),
(121, 3, 2, 2, 5, 'Md. Abu Shah Jamal Molla (TA-MSH)', '2014-03-10 00:00:00', '2014-03-10 00:00:00', '00:02:10', 'MIS form 2, 3 Data Correction and F7b Correction on UIMS.', '', '2014-03-15 14:59:11', '2014-03-15 14:59:11'),
(122, 3, 2, 2, 477, 'Md. Abu Shah Jamal Molla (TA-MSH)', '2014-03-10 00:00:00', '2014-03-10 00:00:00', '00:00:45', 'Default Printer setup problem', '', '2014-03-15 15:00:34', '2014-03-15 15:00:34'),
(123, 3, 2, 2, 125, 'Md. Abu Shah Jamal Molla (TA-MSH)', '2014-03-12 00:00:00', '2014-03-12 00:00:00', '00:03:30', 'UIMS Data correction and Upload SDP Product Map ', '', '2014-03-15 15:03:56', '2014-03-15 15:03:56'),
(124, 3, 2, 2, 69, 'Mohammad Nomani MT-MSH', '2014-03-13 00:00:00', '2014-03-13 00:00:00', '00:01:10', 'Default Printer setup problem', '', '2014-03-15 15:06:42', '2014-03-15 15:06:42'),
(125, 3, 1, 2, 107, 'Mommad Hossain TA-MSH', '2014-03-15 00:00:00', '2014-03-15 00:00:00', '00:00:10', 'Sql server 2000 setup Problem', '', '2014-03-15 15:08:17', '2014-03-15 15:08:17'),
(126, 3, 3, 2, 118, 'Md. Abdullah', '2014-03-22 00:00:00', '2014-03-23 00:00:00', '00:04:30', 'UIMS_V2.5 Update\r\nInitial SDP Product map Data Upload from UIMS to SCIP.\r\ngenerate backup from UIMS.', '', '2014-03-30 10:14:11', '2014-03-30 10:14:11'),
(127, 3, 3, 2, 116, 'Md. Abdullah', '2014-03-22 00:00:00', '2014-03-24 00:00:00', '00:04:20', 'UIMS_V2.5 Update\r\nInitial SDP Product map Data Upload from UIMS to SCIP.\r\ngenerate backup from UIMS.', '', '2014-03-30 10:15:57', '2014-03-30 10:15:57'),
(128, 3, 2, 2, 119, 'Md. Abdullah', '2014-03-22 00:00:00', '2014-03-24 00:00:00', '00:03:40', 'UIMS_V2.5 Update\r\nInitial SDP Product map Data Upload from UIMS to SCIP.\r\ngenerate backup from UIMS.', '', '2014-03-30 10:17:26', '2014-03-30 10:17:26'),
(129, 3, 3, 2, 121, 'Md. Abdullah', '2014-03-22 00:00:00', '2014-03-25 00:00:00', '00:04:10', 'UIMS_V2.5 Update\r\nInitial SDP Product map Data Upload from UIMS to SCIP.\r\ngenerate backup from UIMS.\r\nUIMS Data correction.', '', '2014-03-30 10:19:16', '2014-03-30 10:19:16'),
(130, 3, 3, 2, 515, 'Md. Abdullah', '2014-03-22 00:00:00', '2014-03-23 00:00:00', '00:04:30', 'Microsoft SQL server 2000 Setup.\r\nUIMS V2 setup\r\nEntry Initial data , Mis form 2&3,Issue voucher, Receive invoice, \r\nGenerate F7B and Supply Plan and Issue voucher.\r\nUpdate Issue voucher.\r\nPrinter Setup. \r\n', '', '2014-03-30 10:25:47', '2014-03-30 10:25:47'),
(131, 3, 3, 2, 513, 'Md. Abdullh', '2014-03-22 00:00:00', '2014-03-24 00:00:00', '00:04:20', 'Microsoft SQL server 2000 Setup.\r\nUIMS V2 setup\r\nEntry Initial data , Mis form 2&3,Issue voucher, Receive invoice, \r\nGenerate F7B and Supply Plan and Issue voucher.\r\nUpdate Issue voucher.\r\nPrinter Setup. \r\n', '', '2014-03-30 10:27:11', '2014-03-30 10:27:11'),
(132, 3, 1, 2, 105, 'Mohammad Hossain', '2014-03-24 00:00:00', '2014-03-24 00:00:00', '00:00:15', 'Microsoft SQL server 2000 Setup.\r\n', '', '2014-03-30 10:29:59', '2014-03-30 10:29:59'),
(133, 3, 2, 2, 341, 'Mian abdul kader', '2014-03-30 00:00:00', '2014-03-30 00:00:00', '00:04:20', 'Update UIMS 2.5 \r\nand Upload SDP product Map UIMS to SCIP', '', '2014-03-31 10:51:41', '2014-03-31 10:51:41'),
(134, 3, 2, 2, 534, 'Mian abdul kader', '2014-03-31 00:00:00', '2014-03-31 00:00:00', '00:03:20', 'Update UIMS 2.5 and Upload SDP product Map UIMS to SCIP', '', '2014-03-31 10:55:50', '2014-03-31 12:48:47'),
(135, 3, 2, 2, 125, 'Md. Abu Shah Jamal Molla (TA-MSH)', '2014-03-31 00:00:00', '2014-03-31 00:00:00', '00:01:20', 'Update UIMS 2.5 and Upload SDP product Map UIMS to SCIP', '', '2014-03-31 12:31:37', '2014-03-31 12:35:25'),
(136, 3, 2, 2, 127, 'Sa', '2014-04-01 00:00:00', '2014-04-01 00:00:00', '00:02:30', 'Update UIMS2.5\r\nUPload Sdp Product map', '', '2014-04-06 14:10:57', '2014-04-24 10:17:32'),
(137, 3, 2, 2, 172, 'Md. Abu Shah Jamal Molla (TA-MSH)', '2014-04-03 00:00:00', '2014-04-03 00:00:00', '00:02:00', 'Update UIMS 2.5 and Upload SDP product Map UIMS to SCIP\r\n', '', '2014-04-13 11:25:03', '2014-04-16 16:18:15'),
(138, 3, 2, 2, 343, 'Mian Abdul Kader (TA-MSH)', '2014-04-03 00:00:00', '2014-04-03 00:00:00', '00:02:00', 'Update UIMS2.5\r\nUPload Sdp Product map\r\n', '', '2014-04-13 11:29:01', '2014-04-16 16:27:51'),
(139, 3, 2, 2, 342, 'Mian Abdul Kader (TA-MSH)', '2014-04-03 00:00:00', '2014-04-03 00:00:00', '00:02:00', 'Update UIMS2.5\r\nUPload Sdp Product map', '', '2014-04-13 11:31:52', '2014-04-16 16:18:55'),
(140, 3, 3, 2, 344, 'Mian Abdul Kader (TA-MSH)', '2014-04-03 00:00:00', '2014-04-03 00:00:00', '00:01:00', 'Update UIMS2.5\r\nUPload Sdp Product map', '', '2014-04-13 11:33:27', '2014-04-16 16:19:17'),
(141, 3, 3, 2, 50, 'Md. Azim Uddin', '2014-04-02 00:00:00', '2014-04-02 00:00:00', '00:01:00', 'Update UIMS2.5\r\nUPload Sdp Product map', '', '2014-04-13 11:35:48', '2014-04-16 16:19:30'),
(142, 3, 3, 2, 44, 'Md. Azim Uddin', '2014-04-02 00:00:00', '2014-04-02 00:00:00', '00:02:00', 'Update UIMS2.5\r\nUPload Sdp Product map', '', '2014-04-13 11:36:42', '2014-04-16 16:20:01'),
(143, 3, 3, 2, 266, 'Md. Azim Uddin', '2014-04-02 00:00:00', '2014-04-02 00:00:00', '00:01:00', 'Update UIMS2.5\r\nUPload Sdp Product map', '', '2014-04-13 11:39:10', '2014-04-16 16:20:12'),
(144, 3, 3, 2, 268, 'Md. Azim Uddin', '2014-04-02 00:00:00', '2014-04-02 00:00:00', '00:01:00', 'Update UIMS2.5\r\nUPload Sdp Product map', '', '2014-04-13 11:40:26', '2014-04-16 16:20:52'),
(145, 3, 3, 2, 51, 'Md. Azim Uddin', '2014-04-02 00:00:00', '2014-04-02 00:00:00', '00:01:00', 'Update UIMS2.5\r\nUPload Sdp Product map', '', '2014-04-13 11:41:30', '2014-04-16 16:21:05'),
(146, 3, 2, 2, 117, 'Md. Abdullah', '2014-04-03 00:00:00', '2014-04-03 00:00:00', '00:02:00', 'Update UIMS2.5\r\nUPload Sdp Product map', '', '2014-04-13 11:43:07', '2014-04-16 16:21:28'),
(147, 3, 2, 2, 50, 'Md. Azim Uddin', '2014-04-03 00:00:00', '2014-04-03 00:00:00', '00:02:00', 'UPload Sdp Product map', '', '2014-04-13 11:47:13', '2014-04-16 16:21:56'),
(148, 3, 1, 2, 52, 'Syed Mostafa Al-Amin (TA-MSH)', '2014-04-02 00:00:00', '2014-04-02 00:00:00', '00:02:00', 'UPload Sdp Product map', '', '2014-04-13 11:53:55', '2014-04-16 16:28:17'),
(149, 3, 2, 2, 534, 'Mian abdul kader', '2014-04-06 00:00:00', '2014-04-06 00:00:00', '00:02:00', 'UPload Sdp Product map', '', '2014-04-13 11:55:11', '2014-04-16 16:28:40'),
(150, 3, 2, 2, 407, 'Mian abdul kader', '2014-04-06 00:00:00', '2014-04-06 00:00:00', '00:02:00', 'Data check', '', '2014-04-13 11:56:53', '2014-04-13 11:59:48'),
(151, 3, 2, 2, 344, 'Mian Abdul Kader (TA-MSH)', '2014-04-06 00:00:00', '2014-04-06 00:00:00', '00:01:00', 'Data Check', '', '2014-04-13 12:01:32', '2014-04-13 12:48:50'),
(152, 3, 1, 2, 110, 'Biswazit (UFPA)', '2014-04-06 00:00:00', '2014-04-06 00:00:00', '00:01:00', 'UIMS', '', '2014-04-13 12:06:38', '2014-04-13 12:09:14'),
(153, 3, 2, 2, 534, 'Mian abdul kader', '2014-04-06 00:00:00', '2014-04-06 00:00:00', '00:02:00', 'Issue voucher, Data check  ', '', '2014-04-13 12:11:51', '2014-04-13 12:11:51'),
(154, 3, 2, 2, 534, 'Mian abdul kader', '2014-04-06 00:00:00', '2014-04-06 00:00:00', '00:01:00', 'Issue voucher', '', '2014-04-13 12:17:08', '2014-04-13 12:17:08'),
(155, 3, 2, 2, 343, 'Mian abdul kader (TA-MSH)', '2014-04-06 00:00:00', '2014-04-06 00:00:00', '00:01:00', 'Issue Voucher', '', '2014-04-13 12:18:36', '2014-04-13 12:27:57'),
(157, 3, 1, 2, 125, 'Md. Abu Shah Jamal Molla (TA-MSH)', '2014-04-08 00:00:00', '2014-04-08 00:00:00', '00:01:00', 'UIMS', '', '2014-04-13 12:46:44', '2014-04-13 12:47:16'),
(158, 3, 2, 2, 344, 'Mian Abdul Kader (TA-MSH)', '2014-04-08 00:00:00', '2014-04-08 00:00:00', '00:01:00', 'UIMS', '', '2014-04-13 12:48:21', '2014-04-13 12:48:59'),
(159, 3, 3, 2, 125, 'Md. Abu Shah Jamal Molla (TA-MSH)', '2014-04-10 00:00:00', '2014-04-10 00:00:00', '00:01:00', 'Sql server 2000 setup\r\nUIMS software setup\r\nPrinter setup.', '', '2014-04-13 12:49:58', '2014-04-16 16:34:29'),
(160, 3, 3, 2, 127, 'Md. Abu Shah Jamal Molla (TA-MSH)', '2014-04-10 00:00:00', '2014-04-10 00:00:00', '00:01:00', 'UPload Sdp Product map', '', '2014-04-13 12:51:32', '2014-04-16 16:43:04'),
(161, 4, 3, 2, 553, 'MD. Zia ur rahman (Pharmacist (Store keeper))', '2014-04-10 00:00:00', '2014-04-10 00:00:00', '00:01:30', 'Windows 7 Setup', '', '2014-04-13 12:55:37', '2014-04-16 16:43:42'),
(162, 3, 2, 2, 414, 'Md. Abdullah  (Sr.TA-MSH)', '2014-04-13 00:00:00', '2014-04-13 00:00:00', '00:01:00', '7B upload from UIMS to SPIP', '', '2014-04-16 15:04:59', '2014-04-16 16:33:24'),
(163, 3, 2, 2, 344, 'Mian Abdul Kader (TA-MSH)', '2014-04-15 00:00:00', '2014-04-15 00:00:00', '00:01:00', '7b upload problem.', 'Data not show in problem', '2014-04-16 15:10:05', '2014-04-16 16:31:47'),
(164, 3, 2, 2, 119, 'Md. Abdullah  (Sr.TA-MSH)', '2014-04-15 00:00:00', '2014-04-15 00:00:00', '00:01:00', 'UPload Sdp Product map', '', '2014-04-16 15:12:22', '2014-04-16 16:32:06'),
(165, 3, 2, 2, 117, 'Arafat', '2014-04-15 00:00:00', '2014-04-15 00:00:00', '00:02:30', 'UPload Sdp Product map', '', '2014-04-16 15:14:52', '2014-04-16 16:32:34'),
(166, 3, 2, 2, 121, 'Chandan', '2014-04-16 00:00:00', '2014-04-16 00:00:00', '00:01:00', 'UPload Sdp Product map', '', '2014-04-16 15:16:09', '2014-04-16 16:29:30'),
(167, 3, 2, 2, 116, 'Md. Abdullah  (Sr.TA-MSH)', '2014-04-16 00:00:00', '2014-04-16 00:00:00', '00:01:00', 'UPload Sdp Product map', '', '2014-04-16 15:17:14', '2014-04-16 16:29:48'),
(168, 3, 2, 2, 112, 'Shefali (UFPA)', '2014-04-16 00:00:00', '2014-04-16 00:00:00', '00:01:20', 'Reprot not preview in UIMS', '', '2014-04-16 15:20:35', '2014-04-16 16:31:29'),
(169, 3, 2, 2, 514, 'Md. Abdullah (Sr.T.A)', '2014-04-17 00:00:00', '2014-04-17 00:00:00', '00:00:30', 'UIMS Software not run', 'Sql server 2000 has  uninstalled in this computer.Need Sql server2000 setup\r\nUIMS Database restore', '2014-04-19 10:57:30', '2014-04-19 10:57:30'),
(170, 4, 2, 2, 536, 'Mohammad Hossain', '2014-04-22 00:00:00', '2014-04-22 00:00:00', '00:00:30', 'WIMS Exe Update.', '1.Can''t entry Issue voucher items.\r\nThis computer had no update exe.\r\n', '2014-04-22 10:14:04', '2014-04-22 10:14:04'),
(171, 3, 2, 2, 157, 'Mohammad Hossain (TA-MSH)', '2014-04-23 00:00:00', '2014-04-23 00:00:00', '00:01:10', 'Sql server 2000 setup.\r\nUIMS Database setup.\r\nUIMS software Setup.', '', '2014-04-24 09:50:53', '2014-04-24 09:50:53'),
(172, 3, 1, 2, 407, 'Ershad Nomani (UFPO-)', '2014-05-04 00:00:00', '2014-05-04 00:00:00', '00:00:20', 'UIMS ini file edite', '', '2014-05-04 12:01:52', '2014-05-08 16:42:16'),
(173, 3, 2, 2, 67, 'Mohammad Hossain (TA-MSH)', '2014-05-04 00:00:00', '2014-05-04 00:00:00', '00:01:30', 'UIMS Database Setup', '', '2014-05-04 12:03:12', '2014-05-04 12:03:12'),
(174, 3, 1, 2, 462, 'shafiar Rahman', '2014-05-05 00:00:00', '2014-05-05 00:00:00', '00:00:15', 'UIMS software Backup test', '', '2014-05-05 13:32:12', '2014-05-05 13:34:07'),
(175, 3, 2, 2, 342, 'TFPA', '2014-05-08 00:00:00', '2014-05-08 00:00:00', '00:01:30', 'Upoad SDP productmap data', '', '2014-05-08 16:41:31', '2014-05-08 16:41:31'),
(176, 3, 2, 2, 121, 'Chandon Roy', '2014-05-08 00:00:00', '2014-05-08 00:00:00', '00:00:50', 'Upload SDP product Map Data', '', '2014-05-08 16:43:41', '2014-05-08 16:43:41'),
(177, 3, 2, 2, 127, 'Sa', '2014-05-08 00:00:00', '2014-05-08 00:00:00', '00:00:40', 'SDP Product Map data upload', 'Upload not complete , data wrong', '2014-05-14 12:22:32', '2014-05-14 12:22:32'),
(178, 1, 1, 2, 106, 'Mohammad Hossain', '2014-05-11 00:00:00', '2014-05-11 00:00:00', '00:00:10', 'UIMS Icon not show in Dextop.', 'Virus effected UIMS software', '2014-05-14 12:26:07', '2014-05-14 12:26:07'),
(179, 3, 2, 2, 110, 'Mr. Biswajit (UFPA)', '2014-05-11 00:00:00', '2014-05-11 00:00:00', '00:01:30', 'UIMS software setup', '', '2014-05-14 12:28:17', '2014-05-14 12:28:17'),
(180, 3, 2, 2, 407, 'Mhammad Nomani (UFPO)', '2014-05-12 00:00:00', '2014-05-12 00:00:00', '00:00:30', 'Printer setup in laptop ', 'Pinter not setup in computer\r\nwindows problem', '2014-05-14 12:31:38', '2014-05-14 12:31:38'),
(181, 3, 1, 2, 557, 'Mohammad hossain (TA-MSH)', '2014-05-15 00:00:00', '2014-05-15 00:00:00', '00:00:05', 'Change Computer drive.', '', '2014-05-15 13:54:50', '2014-05-15 13:54:50'),
(182, 3, 5, 2, 557, 'Mr. Protik', '2014-05-15 00:00:00', '2014-05-15 00:00:00', '00:01:30', 'Training UIMS  software', '', '2014-05-15 13:56:20', '2014-05-15 13:56:20'),
(183, 3, 2, 2, 144, 'Mohammad Hossain', '2014-05-15 00:00:00', '2014-05-15 00:00:00', '00:02:10', 'Sql server 2000 setup\r\nUIMS setup', '', '2014-05-15 16:24:16', '2014-05-15 16:24:16'),
(184, 3, 2, 2, 118, 'UFPO', '2014-05-15 00:00:00', '2014-05-15 00:00:00', '00:00:20', 'Print problem from UIMS software', '', '2014-05-15 16:42:07', '2014-05-15 16:42:07'),
(185, 3, 2, 2, 50, 'UFPA', '2014-05-17 00:00:00', '2014-05-17 00:00:00', '00:00:45', 'Upload SDP productmap data', '', '2014-05-17 12:51:36', '2014-05-17 12:51:36'),
(186, 3, 1, 2, 401, 'Md. Safiar Rahman', '2014-05-19 00:00:00', '2014-05-19 00:00:00', '00:00:08', 'Microsoft Sql server 2000 Setup on Windows7 64 (bit)', '', '2014-05-20 11:55:17', '2014-05-20 11:55:17'),
(187, 4, 1, 2, 540, 'Mohammad Hossain (TA-MSH)', '2014-05-20 00:00:00', '2014-05-20 00:00:00', '00:00:15', 'WIMS Software setup', '', '2014-05-20 11:57:01', '2014-05-20 11:57:01'),
(188, 3, 2, 2, 266, 'UFPA', '2014-05-18 00:00:00', '2014-05-18 00:00:00', '00:00:20', 'SDP data uploaded problem findings', '', '2014-05-20 11:59:39', '2014-05-20 12:00:08'),
(189, 3, 2, 2, 266, 'Md. Azim Uddin (TA-MSH)', '2014-05-28 00:00:00', '2014-05-28 00:00:00', '00:01:35', 'SDP productmap data upload ', '', '2014-05-28 11:28:20', '2014-05-28 11:28:20'),
(190, 3, 2, 2, 116, 'Md. Sirajul Islam (TA_MSH)', '2014-06-17 00:00:00', '2014-06-17 00:00:00', '00:00:20', '1. Form 2 & 3 Regenerate on UIMS Software\r\n2. Upload SDP Dashboard data to SCIP web site', '', '2014-06-17 13:09:29', '2014-06-17 13:09:29'),
(191, 3, 1, 2, 115, 'Mr. Sirajul Islam (TA-MSH)', '2014-06-09 00:00:00', '2014-06-09 00:00:00', '00:00:10', 'Stock and form7B report Correction on UIMS Software.', '', '2014-06-17 13:12:33', '2014-06-17 13:12:33'),
(192, 3, 1, 2, 508, 'Mr. Sirajul Islam', '2014-06-10 00:00:00', '2014-06-10 00:00:00', '00:00:20', 'Sql server 2000 setup\r\nUIMS V2 setup', 'could not setup sql server 2000. because i could connect to this upazila''s computer by team-viewer.\r\ninternet modem not connect internet.', '2014-06-17 13:18:27', '2014-06-17 13:18:27'),
(193, 3, 2, 2, 266, 'Md. Habibur Rahman (UFPA)', '2014-06-12 00:00:00', '2014-06-12 00:00:00', '00:00:30', 'UIMS software Update and upload SDP Dashboard data', '', '2014-06-17 13:21:32', '2014-06-17 13:21:32'),
(194, 3, 2, 2, 50, 'Md. Mahbubur Rahman (UFPA)', '2014-06-12 00:00:00', '2014-06-12 00:00:00', '00:00:30', 'Update UIMS software and upload SDP dashboard data', '', '2014-06-17 13:23:50', '2014-06-17 13:23:50'),
(195, 4, 2, 2, 557, 'Mohammad Hossain (TA-MSH)', '2014-06-09 00:00:00', '2014-06-09 00:00:00', '00:00:45', 'WIMS v2 setup ', '', '2014-06-17 13:26:42', '2014-06-17 13:26:42'),
(196, 3, 3, 2, 266, 'Md. Azim Uddin (TA-MSH)', '2014-06-05 00:00:00', '2014-06-05 00:00:00', '00:02:20', 'UIMS software update\r\nSDP dashboard data upload', '', '2014-06-17 13:30:10', '2014-06-17 13:30:10'),
(197, 3, 3, 2, 50, 'Md. Azim Uddin (TA-MSH)', '2014-06-05 00:00:00', '2014-06-05 00:00:00', '00:02:00', 'UIMS software update SDP dashboard data upload', '', '2014-06-17 13:32:34', '2014-06-17 13:32:34'),
(198, 3, 3, 2, 44, 'Md. Azim Uddin (TA-MSH)', '2014-06-05 00:00:00', '2014-06-05 00:00:00', '00:03:00', 'UIMS software update SDP dashboard data upload', '', '2014-06-17 13:34:00', '2014-06-17 13:34:00'),
(199, 3, 2, 2, 67, 'Guru proshad (UFPO) Master Trainer', '2014-06-02 00:00:00', '2014-06-02 00:00:00', '00:01:30', 'UIMS Database setup.\r\nUIMS Database backup restore.\r\nUIMS software setup', '', '2014-06-17 13:37:54', '2014-06-17 13:37:54'),
(200, 3, 2, 2, 127, 'Saha Jamal Mollah (TA-MSH)', '2014-06-12 00:00:00', '2014-06-12 00:00:00', '00:01:20', 'UIMS software update.\r\nform 2 & form 3 data correction.\r\nUpload SDP Dashboard data.', '', '2014-06-17 13:41:57', '2014-06-17 13:41:57'),
(201, 3, 2, 2, 125, 'Saha Jamal Mollah (TA-MSH)', '2014-06-12 00:00:00', '2014-06-12 00:00:00', '00:01:10', 'UIMS software update.\r\nform 2 & form 3 data correction.\r\nUpload SDP Dashboard data.', '', '2014-06-17 13:44:02', '2014-06-17 13:44:02'),
(202, 3, 3, 2, 343, 'Mian Abdul kader (TA-MSH)', '2014-06-09 00:00:00', '2014-06-09 00:00:00', '00:03:00', 'UIMS software updae \r\nMIS form 2 and form 3 correction.\r\nSDP dashboard data upload.', '', '2014-06-17 15:21:44', '2014-06-17 15:27:23'),
(203, 3, 3, 2, 534, 'Mian Abdul Kader (TA-MSH)', '2014-06-09 00:00:00', '2014-06-09 00:00:00', '00:03:00', 'UIMS software updae \r\nMIS form 2 and form 3 correction.\r\nSDP dashboard data upload.', '', '2014-06-17 15:23:14', '2014-06-17 15:23:14'),
(204, 3, 3, 2, 341, 'Mian Abdul Kader (TA_MSH)', '2014-06-10 00:00:00', '2014-06-10 00:00:00', '00:02:00', 'UIMS software updae \r\nMIS form 2 and form 3 correction.\r\nSDP dashboard data upload.', '', '2014-06-17 15:24:43', '2014-06-17 15:24:43'),
(205, 3, 2, 2, 342, 'Mian Abdul Kader (TA-MSH)', '2014-06-10 00:00:00', '2014-06-10 00:00:00', '00:02:00', 'UIMS software updae \r\nMIS form 2 and form 3 correction.\r\nSDP dashboard data upload.', '', '2014-06-17 15:26:03', '2014-06-17 15:26:03'),
(206, 3, 3, 2, 344, 'Mian Abdul kader (TA-MSH)', '2014-06-10 00:00:00', '2014-06-10 00:00:00', '00:02:00', 'UIMS software updae \r\nMIS form 2 and form 3 correction.\r\nSDP dashboard data upload.', '', '2014-06-17 15:28:40', '2014-06-17 15:28:40'),
(207, 3, 2, 2, 7, 'Saha Jamal Mollah (TA-MSH)', '2014-06-17 00:00:00', '2014-06-18 00:00:00', '00:00:30', 'UIMS Version 2.7 update\r\nUpload SDP information data to scip', '', '2014-06-19 09:49:30', '2014-06-19 09:49:30'),
(208, 3, 2, 2, 172, 'Saha Jamal Mollah', '2014-06-17 00:00:00', '2014-06-18 00:00:00', '00:00:30', 'UIMS Version 2.7 update\r\nUpload SDP information data to scip', '', '2014-06-19 09:50:55', '2014-06-19 09:50:55'),
(209, 3, 2, 2, 117, 'Md. Sirajul Islam (TA-MSH)', '2014-06-18 00:00:00', '2014-06-18 00:00:00', '00:00:55', 'UIMS Version 2.7 update\r\nUpload SDP information data to scip', '', '2014-06-19 09:53:33', '2014-06-19 09:53:33'),
(210, 3, 5, 2, 430, 'Md. Azim Uddin (TA-MSH)', '2014-06-18 00:00:00', '2014-06-18 00:00:00', '00:04:30', 'Windows 7 Setup\r\nSql server 2000 setup\r\nUIMS Version 2 setup\r\nUIMS database backup restore\r\nF7B Uploads Month of April and may 2014 \r\nSetup necessary software ', 'F7B Uploading problem\r\nNow UIMS uploading problem solved.', '2014-06-19 09:59:54', '2014-06-19 09:59:54'),
(211, 3, 2, 2, 6, 'Saha Jamal Mollah', '2014-06-19 00:00:00', '2014-06-19 00:00:00', '00:01:20', 'Update UIMS version 2.7\r\nUpload SDP Deshboard data to SCIP', '', '2014-06-19 14:31:03', '2014-06-19 14:31:03'),
(212, 4, 2, 2, 553, 'Saha jamal Mollah', '2014-06-19 00:00:00', '2014-06-19 00:00:00', '00:00:40', 'WIMS version 2 setup\r\nRestore Bogra RWH Backup Data ', 'WIMS V2 setup for testing', '2014-06-19 14:33:22', '2014-06-19 14:33:22');

-- --------------------------------------------------------

--
-- Table structure for table `teammembers`
--

CREATE TABLE IF NOT EXISTS `teammembers` (
  `MembersId` int(11) NOT NULL AUTO_INCREMENT,
  `MembersName` varchar(100) NOT NULL,
  `Depertment` varchar(50) NOT NULL DEFAULT 'Software Development',
  `Designation` varchar(50) NOT NULL,
  PRIMARY KEY (`MembersId`)
) ENGINE=InnoDB  DEFAULT CHARSET=latin1 AUTO_INCREMENT=7 ;

--
-- Dumping data for table `teammembers`
--

INSERT INTO `teammembers` (`MembersId`, `MembersName`, `Depertment`, `Designation`) VALUES
(1, 'Mahmudul Islam', 'Software Development', 'MD'),
(2, 'Md. Elias Miah', 'Software Development', 'Sr. Support'),
(6, 'Md. Khurshed Alam Nayeem', 'Software Development', 'Sr. Software Programmer');

--
-- Constraints for dumped tables
--

--
-- Constraints for table `facility`
--
ALTER TABLE `facility`
  ADD CONSTRAINT `FK_facility` FOREIGN KEY (`FacilityTypeId`) REFERENCES `facility_type` (`FacilityTypeId`);

--
-- Constraints for table `supportstatus`
--
ALTER TABLE `supportstatus`
  ADD CONSTRAINT `FK_facilityId` FOREIGN KEY (`FacilityId`) REFERENCES `facility` (`FacilityId`),
  ADD CONSTRAINT `FK_membersid` FOREIGN KEY (`MembersId`) REFERENCES `teammembers` (`MembersId`),
  ADD CONSTRAINT `FK_supportmodes` FOREIGN KEY (`ModeId`) REFERENCES `supportmodes` (`ModeId`),
  ADD CONSTRAINT `FK_supportstatus` FOREIGN KEY (`ProjectToolId`) REFERENCES `projecttools` (`ProjectToolId`);

/*!40101 SET CHARACTER_SET_CLIENT=@OLD_CHARACTER_SET_CLIENT */;
/*!40101 SET CHARACTER_SET_RESULTS=@OLD_CHARACTER_SET_RESULTS */;
/*!40101 SET COLLATION_CONNECTION=@OLD_COLLATION_CONNECTION */;
